topology,beta_level,beta_a,beta_b,replication,seed,alpha,final_alignment,mean_alignment
ER,Low heterogeneity,5.0,5.0,0,1942340,0.0,0.1400673594365667,0.24080425795951074
ER,Low heterogeneity,5.0,5.0,0,1942340,0.3,0.135718863872324,0.2363932376620438
ER,Low heterogeneity,5.0,5.0,0,1942340,0.5,0.12837342332123292,0.23090396466294422
ER,Low heterogeneity,5.0,5.0,0,1942340,0.7,0.0712521928637873,0.18202593998923633
ER,Low heterogeneity,5.0,5.0,0,1942340,0.9,0.063128595731483,0.17555021016532493
ER,Low heterogeneity,5.0,5.0,0,1942340,1.0,0.06418597990321785,0.17702970378822075
ER,Low heterogeneity,5.0,5.0,1,1942341,0.0,0.06548049814711576,0.30871377567718356
ER,Low heterogeneity,5.0,5.0,1,1942341,0.3,0.05829183429983178,0.29016999364651114
ER,Low heterogeneity,5.0,5.0,1,1942341,0.5,0.05217703798381672,0.2726785572890413
ER,Low heterogeneity,5.0,5.0,1,1942341,0.7,0.044175414384040816,0.25393269758303244
ER,Low heterogeneity,5.0,5.0,1,1942341,0.9,0.03874013840221154,0.24841658770513012
ER,Low heterogeneity,5.0,5.0,1,1942341,1.0,0.038029189743304145,0.24927428470694943
ER,Low heterogeneity,5.0,5.0,2,1942342,0.0,0.2930794757460295,0.3697807784782734
ER,Low heterogeneity,5.0,5.0,2,1942342,0.3,0.2672618441219677,0.34829241268289934
ER,Low heterogeneity,5.0,5.0,2,1942342,0.5,0.27790268555311126,0.35657456944554733
ER,Low heterogeneity,5.0,5.0,2,1942342,0.7,0.18866997450015052,0.2652165169203296
ER,Low heterogeneity,5.0,5.0,2,1942342,0.9,0.15588534632666548,0.2337166479704596
ER,Low heterogeneity,5.0,5.0,2,1942342,1.0,0.1545716754434684,0.23260084861945926
ER,Low heterogeneity,5.0,5.0,3,1942343,0.0,0.26610516916175664,0.3784743019507485
ER,Low heterogeneity,5.0,5.0,3,1942343,0.3,0.2530655636372825,0.36118648030944506
ER,Low heterogeneity,5.0,5.0,3,1942343,0.5,0.26683348296766884,0.36623777655562767
ER,Low heterogeneity,5.0,5.0,3,1942343,0.7,0.27153153079754955,0.35576463931316404
ER,Low heterogeneity,5.0,5.0,3,1942343,0.9,0.2627926467093665,0.34363569347163503
ER,Low heterogeneity,5.0,5.0,3,1942343,1.0,0.25993258637031713,0.3403890207875257
ER,Low heterogeneity,5.0,5.0,4,1942344,0.0,0.3973397620766004,0.5007023202616218
ER,Low heterogeneity,5.0,5.0,4,1942344,0.3,0.3410564970332851,0.4505752167985599
ER,Low heterogeneity,5.0,5.0,4,1942344,0.5,0.2711319922835887,0.37566700342666404
ER,Low heterogeneity,5.0,5.0,4,1942344,0.7,0.13710300416454743,0.26207557430124373
ER,Low heterogeneity,5.0,5.0,4,1942344,0.9,0.07455727351474543,0.2089727724943026
ER,Low heterogeneity,5.0,5.0,4,1942344,1.0,0.061495094794485526,0.19881254200064158
ER,Low heterogeneity,5.0,5.0,5,1942345,0.0,0.1682071246233979,0.4446721251299151
ER,Low heterogeneity,5.0,5.0,5,1942345,0.3,0.15595546977507507,0.44185594692271823
ER,Low heterogeneity,5.0,5.0,5,1942345,0.5,0.10215988074664811,0.4240673446891285
ER,Low heterogeneity,5.0,5.0,5,1942345,0.7,0.0424791380956274,0.3805854032263121
ER,Low heterogeneity,5.0,5.0,5,1942345,0.9,0.02107521369410541,0.3668947009900765
ER,Low heterogeneity,5.0,5.0,5,1942345,1.0,0.017560446527872163,0.3639451571127771
ER,Low heterogeneity,5.0,5.0,6,1942346,0.0,0.38872617064884957,0.4657286216904469
ER,Low heterogeneity,5.0,5.0,6,1942346,0.3,0.3311393322434521,0.4135500610413665
ER,Low heterogeneity,5.0,5.0,6,1942346,0.5,0.25241233639943206,0.3450221168402802
ER,Low heterogeneity,5.0,5.0,6,1942346,0.7,0.1599416633955085,0.26512583563608816
ER,Low heterogeneity,5.0,5.0,6,1942346,0.9,0.13325219578471073,0.24179669938434517
ER,Low heterogeneity,5.0,5.0,6,1942346,1.0,0.12599615837401157,0.2355937013764738
ER,Low heterogeneity,5.0,5.0,7,1942347,0.0,0.5082526486050865,0.5742110700479331
ER,Low heterogeneity,5.0,5.0,7,1942347,0.3,0.5566357688077189,0.6151795897668445
ER,Low heterogeneity,5.0,5.0,7,1942347,0.5,0.5058728403839292,0.5775575260221388
ER,Low heterogeneity,5.0,5.0,7,1942347,0.7,0.2108068814637182,0.3254122577590917
ER,Low heterogeneity,5.0,5.0,7,1942347,0.9,0.21007755485943627,0.3248223617013994
ER,Low heterogeneity,5.0,5.0,7,1942347,1.0,0.2196685022547741,0.3332658101021685
ER,Low heterogeneity,5.0,5.0,8,1942348,0.0,0.526029294885581,0.6342626294671713
ER,Low heterogeneity,5.0,5.0,8,1942348,0.3,0.4199193676457143,0.5326172866430564
ER,Low heterogeneity,5.0,5.0,8,1942348,0.5,0.293284280212229,0.40144863166483175
ER,Low heterogeneity,5.0,5.0,8,1942348,0.7,0.14070995747580523,0.2672449588038986
ER,Low heterogeneity,5.0,5.0,8,1942348,0.9,0.04384864322312357,0.18533327420296158
ER,Low heterogeneity,5.0,5.0,8,1942348,1.0,0.0225535897727592,0.16825966584933577
ER,Low heterogeneity,5.0,5.0,9,1942349,0.0,0.44649841517259753,0.4756982566005787
ER,Low heterogeneity,5.0,5.0,9,1942349,0.3,0.32723477521206734,0.39239863828473404
ER,Low heterogeneity,5.0,5.0,9,1942349,0.5,0.17720782350666386,0.266830513369083
ER,Low heterogeneity,5.0,5.0,9,1942349,0.7,0.16660785511686643,0.23747717650884728
ER,Low heterogeneity,5.0,5.0,9,1942349,0.9,0.1393618051882695,0.2187354206100731
ER,Low heterogeneity,5.0,5.0,9,1942349,1.0,0.13175663034868498,0.21430960668284335
ER,Low heterogeneity,5.0,5.0,10,1942350,0.0,0.45459061406202145,0.5477984817414112
ER,Low heterogeneity,5.0,5.0,10,1942350,0.3,0.3670951785372722,0.4693579088830104
ER,Low heterogeneity,5.0,5.0,10,1942350,0.5,0.30875159735247415,0.4138870724290039
ER,Low heterogeneity,5.0,5.0,10,1942350,0.7,0.20774634332324485,0.32064750894399435
ER,Low heterogeneity,5.0,5.0,10,1942350,0.9,0.1374292310317143,0.25890323130331144
ER,Low heterogeneity,5.0,5.0,10,1942350,1.0,0.12725976196700237,0.25047819970056434
ER,Low heterogeneity,5.0,5.0,11,1942351,0.0,0.32910045061681104,0.3930831374549828
ER,Low heterogeneity,5.0,5.0,11,1942351,0.3,0.3029018279558714,0.3706598174453766
ER,Low heterogeneity,5.0,5.0,11,1942351,0.5,0.19311391652446705,0.26473613858900125
ER,Low heterogeneity,5.0,5.0,11,1942351,0.7,0.11130526146141374,0.19313423570382626
ER,Low heterogeneity,5.0,5.0,11,1942351,0.9,0.0954264727129457,0.18022571035264603
ER,Low heterogeneity,5.0,5.0,11,1942351,1.0,0.10533632388221299,0.18827110362034785
ER,Low heterogeneity,5.0,5.0,12,1942352,0.0,0.19346004239630574,0.407481025879225
ER,Low heterogeneity,5.0,5.0,12,1942352,0.3,0.18234595967665607,0.4034303193776343
ER,Low heterogeneity,5.0,5.0,12,1942352,0.5,0.15668896488365794,0.39699070260683733
ER,Low heterogeneity,5.0,5.0,12,1942352,0.7,0.08511408736747549,0.32782687340100364
ER,Low heterogeneity,5.0,5.0,12,1942352,0.9,0.07191399568682379,0.30911987112408496
ER,Low heterogeneity,5.0,5.0,12,1942352,1.0,0.07329272679430554,0.3087428710779275
ER,Low heterogeneity,5.0,5.0,13,1942353,0.0,0.09613288871332054,0.278329322115027
ER,Low heterogeneity,5.0,5.0,13,1942353,0.3,0.08226705408329509,0.272657544838223
ER,Low heterogeneity,5.0,5.0,13,1942353,0.5,0.05484062873220007,0.2662290200639118
ER,Low heterogeneity,5.0,5.0,13,1942353,0.7,0.027715974902460725,0.2573635887879905
ER,Low heterogeneity,5.0,5.0,13,1942353,0.9,0.027160753994947,0.2605051099694608
ER,Low heterogeneity,5.0,5.0,13,1942353,1.0,0.0310831688716492,0.26414428005374824
ER,Low heterogeneity,5.0,5.0,14,1942354,0.0,0.5654163744448147,0.6152298414951931
ER,Low heterogeneity,5.0,5.0,14,1942354,0.3,0.5208391620567204,0.5708987100110999
ER,Low heterogeneity,5.0,5.0,14,1942354,0.5,0.4287100329103649,0.47991932559107875
ER,Low heterogeneity,5.0,5.0,14,1942354,0.7,0.2923510933538772,0.34331559361706987
ER,Low heterogeneity,5.0,5.0,14,1942354,0.9,0.2331080234305779,0.28987285212321917
ER,Low heterogeneity,5.0,5.0,14,1942354,1.0,0.2410208835570392,0.29415834083064135
ER,Low heterogeneity,5.0,5.0,15,1942355,0.0,0.11442647993625336,0.3107566071585935
ER,Low heterogeneity,5.0,5.0,15,1942355,0.3,0.09897450428223384,0.2983778606835403
ER,Low heterogeneity,5.0,5.0,15,1942355,0.5,0.0788039318371613,0.2859162961380652
ER,Low heterogeneity,5.0,5.0,15,1942355,0.7,0.052134516879123086,0.2510980057929418
ER,Low heterogeneity,5.0,5.0,15,1942355,0.9,0.03336859865490493,0.23423153277004607
ER,Low heterogeneity,5.0,5.0,15,1942355,1.0,0.02417886479858045,0.22825077380304132
ER,Low heterogeneity,5.0,5.0,16,1942356,0.0,0.13325229759724086,0.24475823554630066
ER,Low heterogeneity,5.0,5.0,16,1942356,0.3,0.10888090691146907,0.22538843682004955
ER,Low heterogeneity,5.0,5.0,16,1942356,0.5,0.11106345519899996,0.2287542787719285
ER,Low heterogeneity,5.0,5.0,16,1942356,0.7,0.06381395220584944,0.1837678358457721
ER,Low heterogeneity,5.0,5.0,16,1942356,0.9,0.03876436268866719,0.15991618760036752
ER,Low heterogeneity,5.0,5.0,16,1942356,1.0,0.034556941346140665,0.15590575251233568
ER,Low heterogeneity,5.0,5.0,17,1942357,0.0,0.4456769695626393,0.5079414053493525
ER,Low heterogeneity,5.0,5.0,17,1942357,0.3,0.3046647919162872,0.3796135078212479
ER,Low heterogeneity,5.0,5.0,17,1942357,0.5,0.31368792797892503,0.3828309609431874
ER,Low heterogeneity,5.0,5.0,17,1942357,0.7,0.14946600546617228,0.2391118539840656
ER,Low heterogeneity,5.0,5.0,17,1942357,0.9,0.05844755996587136,0.16526211758877227
ER,Low heterogeneity,5.0,5.0,17,1942357,1.0,0.03984824888895449,0.1518258471232147
ER,Low heterogeneity,5.0,5.0,18,1942358,0.0,0.16260799765640738,0.2977099730019142
ER,Low heterogeneity,5.0,5.0,18,1942358,0.3,0.15597015679941945,0.2929628135009896
ER,Low heterogeneity,5.0,5.0,18,1942358,0.5,0.1301861073107093,0.2729376908222029
ER,Low heterogeneity,5.0,5.0,18,1942358,0.7,0.05056540166490784,0.2116061970507957
ER,Low heterogeneity,5.0,5.0,18,1942358,0.9,0.047823120693206884,0.21285354154714456
ER,Low heterogeneity,5.0,5.0,18,1942358,1.0,0.0541910808098436,0.21982949936029858
ER,Low heterogeneity,5.0,5.0,19,1942359,0.0,0.5025059799002723,0.5463328326088919
ER,Low heterogeneity,5.0,5.0,19,1942359,0.3,0.4488830531661305,0.49203399875241083
ER,Low heterogeneity,5.0,5.0,19,1942359,0.5,0.3667809040433002,0.4100012501093359
ER,Low heterogeneity,5.0,5.0,19,1942359,0.7,0.24924273500941732,0.2988732492386091
ER,Low heterogeneity,5.0,5.0,19,1942359,0.9,0.17846796701215709,0.2338090102169117
ER,Low heterogeneity,5.0,5.0,19,1942359,1.0,0.17198814595263257,0.22765557336427594
ER,Low heterogeneity,5.0,5.0,20,1942360,0.0,0.28831214404234573,0.359481024576844
ER,Low heterogeneity,5.0,5.0,20,1942360,0.3,0.23642915681331136,0.3142520710646088
ER,Low heterogeneity,5.0,5.0,20,1942360,0.5,0.1829957011213389,0.2702164512598166
ER,Low heterogeneity,5.0,5.0,20,1942360,0.7,0.11388424137105749,0.20992687491907047
ER,Low heterogeneity,5.0,5.0,20,1942360,0.9,0.09182934733319997,0.19088091083097727
ER,Low heterogeneity,5.0,5.0,20,1942360,1.0,0.08608054200677621,0.1862093214144027
ER,Low heterogeneity,5.0,5.0,21,1942361,0.0,0.6741773278711053,0.7160525991873685
ER,Low heterogeneity,5.0,5.0,21,1942361,0.3,0.5880448021989496,0.6313477623231624
ER,Low heterogeneity,5.0,5.0,21,1942361,0.5,0.4179965479876891,0.46950480569246883
ER,Low heterogeneity,5.0,5.0,21,1942361,0.7,0.2811181252747564,0.3397898110056209
ER,Low heterogeneity,5.0,5.0,21,1942361,0.9,0.20219163595653847,0.27160521336938803
ER,Low heterogeneity,5.0,5.0,21,1942361,1.0,0.18792365573205508,0.2613013624860373
ER,Low heterogeneity,5.0,5.0,22,1942362,0.0,0.4576159816834516,0.5066763711297014
ER,Low heterogeneity,5.0,5.0,22,1942362,0.3,0.428427005029788,0.47721481660820975
ER,Low heterogeneity,5.0,5.0,22,1942362,0.5,0.30758112423316697,0.3649054544019945
ER,Low heterogeneity,5.0,5.0,22,1942362,0.7,0.1783459052265174,0.24178806318558452
ER,Low heterogeneity,5.0,5.0,22,1942362,0.9,0.146151082101773,0.2136327796455801
ER,Low heterogeneity,5.0,5.0,22,1942362,1.0,0.13837739390303896,0.20773225017990019
ER,Low heterogeneity,5.0,5.0,23,1942363,0.0,0.2920829353446083,0.4399062056110893
ER,Low heterogeneity,5.0,5.0,23,1942363,0.3,0.27269103447582455,0.4242680031323745
ER,Low heterogeneity,5.0,5.0,23,1942363,0.5,0.17423776689606046,0.34711113427181906
ER,Low heterogeneity,5.0,5.0,23,1942363,0.7,0.0790063507987093,0.2727547368981486
ER,Low heterogeneity,5.0,5.0,23,1942363,0.9,0.04139190397939749,0.24456548185987145
ER,Low heterogeneity,5.0,5.0,23,1942363,1.0,0.04191448470007249,0.24432985353697992
ER,Low heterogeneity,5.0,5.0,24,1942364,0.0,0.5864208474171263,0.6722002016022427
ER,Low heterogeneity,5.0,5.0,24,1942364,0.3,0.5176539694470836,0.6089504619156965
ER,Low heterogeneity,5.0,5.0,24,1942364,0.5,0.3821760535055454,0.4760705831605931
ER,Low heterogeneity,5.0,5.0,24,1942364,0.7,0.21213930452783197,0.32389551449274273
ER,Low heterogeneity,5.0,5.0,24,1942364,0.9,0.13230699111640248,0.25665226133631674
ER,Low heterogeneity,5.0,5.0,24,1942364,1.0,0.13065829909950968,0.2553506097717187
ER,Low heterogeneity,5.0,5.0,25,1942365,0.0,0.4407490948528692,0.5105264571049558
ER,Low heterogeneity,5.0,5.0,25,1942365,0.3,0.4191736580433919,0.4954262549553833
ER,Low heterogeneity,5.0,5.0,25,1942365,0.5,0.3133235686430997,0.40525234662646265
ER,Low heterogeneity,5.0,5.0,25,1942365,0.7,0.27033972784407095,0.3717091799790808
ER,Low heterogeneity,5.0,5.0,25,1942365,0.9,0.20264879041953024,0.3144664074058145
ER,Low heterogeneity,5.0,5.0,25,1942365,1.0,0.18007804722688686,0.2956333845607778
ER,Low heterogeneity,5.0,5.0,26,1942366,0.0,0.45673699618469593,0.4982443038959437
ER,Low heterogeneity,5.0,5.0,26,1942366,0.3,0.3983262989973905,0.4437674463979783
ER,Low heterogeneity,5.0,5.0,26,1942366,0.5,0.3145802723981864,0.36068903538922087
ER,Low heterogeneity,5.0,5.0,26,1942366,0.7,0.16410702022765886,0.2187112470106581
ER,Low heterogeneity,5.0,5.0,26,1942366,0.9,0.11386136684091833,0.17155393180325265
ER,Low heterogeneity,5.0,5.0,26,1942366,1.0,0.1114329176076064,0.16855048636333278
ER,Low heterogeneity,5.0,5.0,27,1942367,0.0,0.20293560012213105,0.27987672770584426
ER,Low heterogeneity,5.0,5.0,27,1942367,0.3,0.16894486912458376,0.2498320480311546
ER,Low heterogeneity,5.0,5.0,27,1942367,0.5,0.13127477457928166,0.21742404742029228
ER,Low heterogeneity,5.0,5.0,27,1942367,0.7,0.08456813208021316,0.17649276147944934
ER,Low heterogeneity,5.0,5.0,27,1942367,0.9,0.06340250825893029,0.1575334810537782
ER,Low heterogeneity,5.0,5.0,27,1942367,1.0,0.0590956772641379,0.15374672433527245
ER,Low heterogeneity,5.0,5.0,28,1942368,0.0,0.11551543389589998,0.2772016322557791
ER,Low heterogeneity,5.0,5.0,28,1942368,0.3,0.1059844901067855,0.2684703649518799
ER,Low heterogeneity,5.0,5.0,28,1942368,0.5,0.07714168757710387,0.2523559642847841
ER,Low heterogeneity,5.0,5.0,28,1942368,0.7,0.04569420391538444,0.23478991825705833
ER,Low heterogeneity,5.0,5.0,28,1942368,0.9,0.032978764274922426,0.23005542697136208
ER,Low heterogeneity,5.0,5.0,28,1942368,1.0,0.03134655133699036,0.23122678722601858
ER,Low heterogeneity,5.0,5.0,29,1942369,0.0,0.3251049716839998,0.44131203243496475
ER,Low heterogeneity,5.0,5.0,29,1942369,0.3,0.2767029549888473,0.3923932693886475
ER,Low heterogeneity,5.0,5.0,29,1942369,0.5,0.2434645992509549,0.3609028433627502
ER,Low heterogeneity,5.0,5.0,29,1942369,0.7,0.1381399913246655,0.2665591780195155
ER,Low heterogeneity,5.0,5.0,29,1942369,0.9,0.12321885515951127,0.2511609466490673
ER,Low heterogeneity,5.0,5.0,29,1942369,1.0,0.14082518898060598,0.26369707925027847
ER,Low heterogeneity,5.0,5.0,30,1942370,0.0,0.29654189902590117,0.4809938751600942
ER,Low heterogeneity,5.0,5.0,30,1942370,0.3,0.25426836540425896,0.4342560813350258
ER,Low heterogeneity,5.0,5.0,30,1942370,0.5,0.2242655063848774,0.3985918316733487
ER,Low heterogeneity,5.0,5.0,30,1942370,0.7,0.1963399288833352,0.3521184169512416
ER,Low heterogeneity,5.0,5.0,30,1942370,0.9,0.17873599983857733,0.33259494469332557
ER,Low heterogeneity,5.0,5.0,30,1942370,1.0,0.17862912914972504,0.3325544753162917
ER,Low heterogeneity,5.0,5.0,31,1942371,0.0,0.19970784547830361,0.3559532338618501
ER,Low heterogeneity,5.0,5.0,31,1942371,0.3,0.18976262087283724,0.34073863923331654
ER,Low heterogeneity,5.0,5.0,31,1942371,0.5,0.1533228007033914,0.3160784628787897
ER,Low heterogeneity,5.0,5.0,31,1942371,0.7,0.12460068986014182,0.3350721564224098
ER,Low heterogeneity,5.0,5.0,31,1942371,0.9,0.11663243976109733,0.3530473907654986
ER,Low heterogeneity,5.0,5.0,31,1942371,1.0,0.12403591886790065,0.367519713701799
ER,Low heterogeneity,5.0,5.0,32,1942372,0.0,0.42189733621352327,0.5271140619988687
ER,Low heterogeneity,5.0,5.0,32,1942372,0.3,0.3292410495390323,0.4471284748267831
ER,Low heterogeneity,5.0,5.0,32,1942372,0.5,0.17677426768562338,0.3279349572696533
ER,Low heterogeneity,5.0,5.0,32,1942372,0.7,0.07176543111628268,0.25518843636701594
ER,Low heterogeneity,5.0,5.0,32,1942372,0.9,0.04364131034191481,0.2358753152374477
ER,Low heterogeneity,5.0,5.0,32,1942372,1.0,0.039229068353523924,0.23305945786882262
ER,Low heterogeneity,5.0,5.0,33,1942373,0.0,0.5968057543670539,0.6865317599646183
ER,Low heterogeneity,5.0,5.0,33,1942373,0.3,0.5560154377292393,0.6466412721327279
ER,Low heterogeneity,5.0,5.0,33,1942373,0.5,0.3068644188279827,0.41910214858040457
ER,Low heterogeneity,5.0,5.0,33,1942373,0.7,0.18395001823252552,0.3061971087293642
ER,Low heterogeneity,5.0,5.0,33,1942373,0.9,0.1463705739239237,0.2718877587075975
ER,Low heterogeneity,5.0,5.0,33,1942373,1.0,0.13739762415393383,0.26405642428709925
ER,Low heterogeneity,5.0,5.0,34,1942374,0.0,0.43071364824145153,0.48221592653949436
ER,Low heterogeneity,5.0,5.0,34,1942374,0.3,0.37923853550589376,0.4383134606330159
ER,Low heterogeneity,5.0,5.0,34,1942374,0.5,0.3060693099109562,0.38362523289400163
ER,Low heterogeneity,5.0,5.0,34,1942374,0.7,0.17732037236707518,0.2707201406823554
ER,Low heterogeneity,5.0,5.0,34,1942374,0.9,0.16384312273884657,0.25954933297124627
ER,Low heterogeneity,5.0,5.0,34,1942374,1.0,0.16921157145762708,0.2637461029803242
ER,Low heterogeneity,5.0,5.0,35,1942375,0.0,0.4243517724007916,0.5311112628936363
ER,Low heterogeneity,5.0,5.0,35,1942375,0.3,0.395407282526335,0.5049649274550706
ER,Low heterogeneity,5.0,5.0,35,1942375,0.5,0.37141395496282664,0.49280727543288144
ER,Low heterogeneity,5.0,5.0,35,1942375,0.7,0.1886637715829213,0.3615490682115285
ER,Low heterogeneity,5.0,5.0,35,1942375,0.9,0.18776846306511372,0.3610496307822149
ER,Low heterogeneity,5.0,5.0,35,1942375,1.0,0.21356305842573417,0.38014427110284266
ER,Low heterogeneity,5.0,5.0,36,1942376,0.0,0.26511253349380903,0.4370121180339722
ER,Low heterogeneity,5.0,5.0,36,1942376,0.3,0.25167069892647953,0.42369233870750816
ER,Low heterogeneity,5.0,5.0,36,1942376,0.5,0.18948110535514381,0.35218490870426794
ER,Low heterogeneity,5.0,5.0,36,1942376,0.7,0.11522990449383202,0.29159439109596613
ER,Low heterogeneity,5.0,5.0,36,1942376,0.9,0.09359605940481538,0.2746689775174095
ER,Low heterogeneity,5.0,5.0,36,1942376,1.0,0.08907187613749666,0.2719370550854524
ER,Low heterogeneity,5.0,5.0,37,1942377,0.0,0.3138387008050849,0.39040526234215456
ER,Low heterogeneity,5.0,5.0,37,1942377,0.3,0.2854915570965257,0.3633592810978831
ER,Low heterogeneity,5.0,5.0,37,1942377,0.5,0.26723480902822266,0.34513440320155336
ER,Low heterogeneity,5.0,5.0,37,1942377,0.7,0.13185858645405577,0.22353857099299324
ER,Low heterogeneity,5.0,5.0,37,1942377,0.9,0.10068588835695631,0.19477338711685266
ER,Low heterogeneity,5.0,5.0,37,1942377,1.0,0.09899110699590798,0.19271036720080148
ER,Low heterogeneity,5.0,5.0,38,1942378,0.0,0.0429372317092053,0.2126113202785366
ER,Low heterogeneity,5.0,5.0,38,1942378,0.3,0.03605462666901036,0.2100375977486483
ER,Low heterogeneity,5.0,5.0,38,1942378,0.5,0.028447916414824016,0.2204420826135329
ER,Low heterogeneity,5.0,5.0,38,1942378,0.7,0.01603384205638998,0.21053613200248977
ER,Low heterogeneity,5.0,5.0,38,1942378,0.9,0.012806167053390808,0.2066872181667169
ER,Low heterogeneity,5.0,5.0,38,1942378,1.0,0.012729009465657788,0.20667360259748221
ER,Low heterogeneity,5.0,5.0,39,1942379,0.0,0.13839464863505815,0.2353863119462621
ER,Low heterogeneity,5.0,5.0,39,1942379,0.3,0.1285651276629161,0.22774552883180732
ER,Low heterogeneity,5.0,5.0,39,1942379,0.5,0.12820387167588573,0.23056326457375878
ER,Low heterogeneity,5.0,5.0,39,1942379,0.7,0.06853214948339639,0.1787180262881362
ER,Low heterogeneity,5.0,5.0,39,1942379,0.9,0.05417900923434842,0.16690945871741342
ER,Low heterogeneity,5.0,5.0,39,1942379,1.0,0.05142085837275314,0.16492730844164327
ER,Low heterogeneity,5.0,5.0,40,1942380,0.0,0.33673845567421945,0.4563822552933657
ER,Low heterogeneity,5.0,5.0,40,1942380,0.3,0.3068184615639438,0.4334383354267921
ER,Low heterogeneity,5.0,5.0,40,1942380,0.5,0.28372822157376637,0.41438555392497445
ER,Low heterogeneity,5.0,5.0,40,1942380,0.7,0.21494211356747436,0.35388849760356483
ER,Low heterogeneity,5.0,5.0,40,1942380,0.9,0.16133286319456686,0.3040962481760485
ER,Low heterogeneity,5.0,5.0,40,1942380,1.0,0.1485206505812416,0.29307058138528935
ER,Low heterogeneity,5.0,5.0,41,1942381,0.0,0.18459976555759336,0.2869707447353503
ER,Low heterogeneity,5.0,5.0,41,1942381,0.3,0.17109373261148939,0.27387245852853426
ER,Low heterogeneity,5.0,5.0,41,1942381,0.5,0.1575074650923349,0.258617160996044
ER,Low heterogeneity,5.0,5.0,41,1942381,0.7,0.1069212128254975,0.20742160626876394
ER,Low heterogeneity,5.0,5.0,41,1942381,0.9,0.08447470099284102,0.18593692129941497
ER,Low heterogeneity,5.0,5.0,41,1942381,1.0,0.0814725034027214,0.18289531860475214
ER,Low heterogeneity,5.0,5.0,42,1942382,0.0,0.3336573366136537,0.39574988399903527
ER,Low heterogeneity,5.0,5.0,42,1942382,0.3,0.2949919122536165,0.3588453297122653
ER,Low heterogeneity,5.0,5.0,42,1942382,0.5,0.19845329174182494,0.26705717610138646
ER,Low heterogeneity,5.0,5.0,42,1942382,0.7,0.1357485492752984,0.20775396133751525
ER,Low heterogeneity,5.0,5.0,42,1942382,0.9,0.11012617996987663,0.18421674031258736
ER,Low heterogeneity,5.0,5.0,42,1942382,1.0,0.10153850448594973,0.17701665062326916
ER,Low heterogeneity,5.0,5.0,43,1942383,0.0,0.2644978633671978,0.40110074803064355
ER,Low heterogeneity,5.0,5.0,43,1942383,0.3,0.24164320454077412,0.37718722745875377
ER,Low heterogeneity,5.0,5.0,43,1942383,0.5,0.23174460082291415,0.35424992985037945
ER,Low heterogeneity,5.0,5.0,43,1942383,0.7,0.13060705569115696,0.2553050465435383
ER,Low heterogeneity,5.0,5.0,43,1942383,0.9,0.0851540339248993,0.21267671948958902
ER,Low heterogeneity,5.0,5.0,43,1942383,1.0,0.07371649615943482,0.20255242552274627
ER,Low heterogeneity,5.0,5.0,44,1942384,0.0,0.332478700216369,0.4228255836751772
ER,Low heterogeneity,5.0,5.0,44,1942384,0.3,0.33536873765769637,0.4208167044069239
ER,Low heterogeneity,5.0,5.0,44,1942384,0.5,0.33034785174130504,0.4134206044303829
ER,Low heterogeneity,5.0,5.0,44,1942384,0.7,0.15201809538380173,0.2488303431056424
ER,Low heterogeneity,5.0,5.0,44,1942384,0.9,0.14236428229996,0.23557078359943753
ER,Low heterogeneity,5.0,5.0,44,1942384,1.0,0.15397188860665953,0.24426327549449164
ER,Low heterogeneity,5.0,5.0,45,1942385,0.0,0.4288073169117112,0.4963399347225014
ER,Low heterogeneity,5.0,5.0,45,1942385,0.3,0.4062915719989736,0.4730841395410935
ER,Low heterogeneity,5.0,5.0,45,1942385,0.5,0.30431470850766706,0.37161113618628794
ER,Low heterogeneity,5.0,5.0,45,1942385,0.7,0.16995030997592336,0.2456182678208132
ER,Low heterogeneity,5.0,5.0,45,1942385,0.9,0.14277540356875684,0.22052254385167153
ER,Low heterogeneity,5.0,5.0,45,1942385,1.0,0.13434368530147384,0.21337260852505072
ER,Low heterogeneity,5.0,5.0,46,1942386,0.0,0.6128648414663422,0.6391119998079073
ER,Low heterogeneity,5.0,5.0,46,1942386,0.3,0.5376358702558252,0.5690464381248669
ER,Low heterogeneity,5.0,5.0,46,1942386,0.5,0.42095491314562905,0.4621602077212238
ER,Low heterogeneity,5.0,5.0,46,1942386,0.7,0.239153683672991,0.2967671239690595
ER,Low heterogeneity,5.0,5.0,46,1942386,0.9,0.18303037291333865,0.24519384831781368
ER,Low heterogeneity,5.0,5.0,46,1942386,1.0,0.18074399454046508,0.24256392260024423
ER,Low heterogeneity,5.0,5.0,47,1942387,0.0,0.3325034434232537,0.39901026584021987
ER,Low heterogeneity,5.0,5.0,47,1942387,0.3,0.31636346856221587,0.38528853253366807
ER,Low heterogeneity,5.0,5.0,47,1942387,0.5,0.22894770487117247,0.31589992893313207
ER,Low heterogeneity,5.0,5.0,47,1942387,0.7,0.1689608207099314,0.26586665869318254
ER,Low heterogeneity,5.0,5.0,47,1942387,0.9,0.14185204557235806,0.24123594473007232
ER,Low heterogeneity,5.0,5.0,47,1942387,1.0,0.1333191564462328,0.23365949527750413
ER,Low heterogeneity,5.0,5.0,48,1942388,0.0,0.34295624996988244,0.43751797567405293
ER,Low heterogeneity,5.0,5.0,48,1942388,0.3,0.32021043317119696,0.4199816765687854
ER,Low heterogeneity,5.0,5.0,48,1942388,0.5,0.2753868011713314,0.391007253690749
ER,Low heterogeneity,5.0,5.0,48,1942388,0.7,0.189819892805678,0.31655257388456454
ER,Low heterogeneity,5.0,5.0,48,1942388,0.9,0.15176855753244978,0.28291684738112677
ER,Low heterogeneity,5.0,5.0,48,1942388,1.0,0.14559656139941732,0.2777830327571096
ER,Low heterogeneity,5.0,5.0,49,1942389,0.0,0.4909738768087546,0.5559009012332792
ER,Low heterogeneity,5.0,5.0,49,1942389,0.3,0.47100167168326024,0.5391051812135048
ER,Low heterogeneity,5.0,5.0,49,1942389,0.5,0.2793102124812128,0.3759556781340584
ER,Low heterogeneity,5.0,5.0,49,1942389,0.7,0.16959156024201338,0.2778477924406226
ER,Low heterogeneity,5.0,5.0,49,1942389,0.9,0.13806796985218683,0.2534996315216986
ER,Low heterogeneity,5.0,5.0,49,1942389,1.0,0.13494008006818875,0.2514692275882264
ER,Medium heterogeneity,2.0,5.0,0,1942340,0.0,0.13152960053359278,0.23571590135560064
ER,Medium heterogeneity,2.0,5.0,0,1942340,0.3,0.11355901534885153,0.22053889126245757
ER,Medium heterogeneity,2.0,5.0,0,1942340,0.5,0.08184982970871095,0.1946823344821665
ER,Medium heterogeneity,2.0,5.0,0,1942340,0.7,0.049736874397965286,0.16917128807286097
ER,Medium heterogeneity,2.0,5.0,0,1942340,0.9,0.033726333251084775,0.15602738066754926
ER,Medium heterogeneity,2.0,5.0,0,1942340,1.0,0.031532404146162485,0.15439675527819008
ER,Medium heterogeneity,2.0,5.0,1,1942341,0.0,0.056349208450547146,0.3065512006589066
ER,Medium heterogeneity,2.0,5.0,1,1942341,0.3,0.04959817756152506,0.291940093519455
ER,Medium heterogeneity,2.0,5.0,1,1942341,0.5,0.044996086945711444,0.2769431343917763
ER,Medium heterogeneity,2.0,5.0,1,1942341,0.7,0.03714873878278534,0.2630067155594792
ER,Medium heterogeneity,2.0,5.0,1,1942341,0.9,0.03424799597924579,0.2618245765044856
ER,Medium heterogeneity,2.0,5.0,1,1942341,1.0,0.03453986252754275,0.2648706326719395
ER,Medium heterogeneity,2.0,5.0,2,1942342,0.0,0.2298100422176746,0.3307455204112972
ER,Medium heterogeneity,2.0,5.0,2,1942342,0.3,0.19875414588393156,0.2999691808944667
ER,Medium heterogeneity,2.0,5.0,2,1942342,0.5,0.16433683900113413,0.26777725986510614
ER,Medium heterogeneity,2.0,5.0,2,1942342,0.7,0.12256039943371698,0.2461370935524808
ER,Medium heterogeneity,2.0,5.0,2,1942342,0.9,0.12045808423895742,0.2273576764604257
ER,Medium heterogeneity,2.0,5.0,2,1942342,1.0,0.12233650437990701,0.22663951636610108
ER,Medium heterogeneity,2.0,5.0,3,1942343,0.0,0.24717649954778864,0.3544446658382873
ER,Medium heterogeneity,2.0,5.0,3,1942343,0.3,0.24627958944064476,0.3413731986308045
ER,Medium heterogeneity,2.0,5.0,3,1942343,0.5,0.2616771304132636,0.3456590822414084
ER,Medium heterogeneity,2.0,5.0,3,1942343,0.7,0.27228902556623935,0.35101362006696374
ER,Medium heterogeneity,2.0,5.0,3,1942343,0.9,0.26732333059994084,0.34195693507626523
ER,Medium heterogeneity,2.0,5.0,3,1942343,1.0,0.26515346196472905,0.33924596054402273
ER,Medium heterogeneity,2.0,5.0,4,1942344,0.0,0.31864997827188535,0.4282469551363947
ER,Medium heterogeneity,2.0,5.0,4,1942344,0.3,0.20646703085823007,0.3362707794277603
ER,Medium heterogeneity,2.0,5.0,4,1942344,0.5,0.1674626566696576,0.27870736827045967
ER,Medium heterogeneity,2.0,5.0,4,1942344,0.7,0.08008195131950978,0.20462894428313022
ER,Medium heterogeneity,2.0,5.0,4,1942344,0.9,0.02655981845134013,0.16288243589228082
ER,Medium heterogeneity,2.0,5.0,4,1942344,1.0,0.01636185082302179,0.15616623212896097
ER,Medium heterogeneity,2.0,5.0,5,1942345,0.0,0.13258765114107507,0.42453372715711585
ER,Medium heterogeneity,2.0,5.0,5,1942345,0.3,0.09792956175761638,0.39457160750896786
ER,Medium heterogeneity,2.0,5.0,5,1942345,0.5,0.05778033043184512,0.36919752851309945
ER,Medium heterogeneity,2.0,5.0,5,1942345,0.7,0.0328747020830628,0.3607073071729386
ER,Medium heterogeneity,2.0,5.0,5,1942345,0.9,0.024432952155971053,0.36180633316099786
ER,Medium heterogeneity,2.0,5.0,5,1942345,1.0,0.023972185726100277,0.36340374134865555
ER,Medium heterogeneity,2.0,5.0,6,1942346,0.0,0.28249744637104096,0.37201281361093214
ER,Medium heterogeneity,2.0,5.0,6,1942346,0.3,0.23148117399566567,0.3272239220600215
ER,Medium heterogeneity,2.0,5.0,6,1942346,0.5,0.16445454202087834,0.2684439676249482
ER,Medium heterogeneity,2.0,5.0,6,1942346,0.7,0.11920470444213822,0.2303850894486302
ER,Medium heterogeneity,2.0,5.0,6,1942346,0.9,0.08350950571059203,0.20256906091672472
ER,Medium heterogeneity,2.0,5.0,6,1942346,1.0,0.07212860787634777,0.19439255172790645
ER,Medium heterogeneity,2.0,5.0,7,1942347,0.0,0.36393183277310437,0.4375835799820204
ER,Medium heterogeneity,2.0,5.0,7,1942347,0.3,0.33367002914550326,0.4119412912389131
ER,Medium heterogeneity,2.0,5.0,7,1942347,0.5,0.26862152323439953,0.3661466622923217
ER,Medium heterogeneity,2.0,5.0,7,1942347,0.7,0.20035908621762788,0.31473207680316023
ER,Medium heterogeneity,2.0,5.0,7,1942347,0.9,0.15238263305634733,0.26755090589751235
ER,Medium heterogeneity,2.0,5.0,7,1942347,1.0,0.13831274493525306,0.2583690990471196
ER,Medium heterogeneity,2.0,5.0,8,1942348,0.0,0.4478797257974627,0.5534560618983679
ER,Medium heterogeneity,2.0,5.0,8,1942348,0.3,0.351383425388755,0.4660143068700574
ER,Medium heterogeneity,2.0,5.0,8,1942348,0.5,0.23753379915102266,0.3618078104040537
ER,Medium heterogeneity,2.0,5.0,8,1942348,0.7,0.16431639216822633,0.2923300975706539
ER,Medium heterogeneity,2.0,5.0,8,1942348,0.9,0.14295892088677065,0.2675694438667133
ER,Medium heterogeneity,2.0,5.0,8,1942348,1.0,0.14019278372506955,0.2638424539449937
ER,Medium heterogeneity,2.0,5.0,9,1942349,0.0,0.33192058778202943,0.37731023013124226
ER,Medium heterogeneity,2.0,5.0,9,1942349,0.3,0.20583515086863613,0.27490706498485007
ER,Medium heterogeneity,2.0,5.0,9,1942349,0.5,0.16505316654842214,0.23186690046647387
ER,Medium heterogeneity,2.0,5.0,9,1942349,0.7,0.14156466153708797,0.21010369310423863
ER,Medium heterogeneity,2.0,5.0,9,1942349,0.9,0.13411715782189537,0.20286937239574337
ER,Medium heterogeneity,2.0,5.0,9,1942349,1.0,0.1254200093505136,0.20105056368292062
ER,Medium heterogeneity,2.0,5.0,10,1942350,0.0,0.3199456423668599,0.4269345419608365
ER,Medium heterogeneity,2.0,5.0,10,1942350,0.3,0.2697853139015814,0.38040052402583996
ER,Medium heterogeneity,2.0,5.0,10,1942350,0.5,0.23112283295206296,0.3501436166961086
ER,Medium heterogeneity,2.0,5.0,10,1942350,0.7,0.1449841802310246,0.2710717182038308
ER,Medium heterogeneity,2.0,5.0,10,1942350,0.9,0.07730427408794223,0.21567599319747716
ER,Medium heterogeneity,2.0,5.0,10,1942350,1.0,0.07360541374377941,0.21208646681679763
ER,Medium heterogeneity,2.0,5.0,11,1942351,0.0,0.2732899413107439,0.34561483624454903
ER,Medium heterogeneity,2.0,5.0,11,1942351,0.3,0.17238988152790383,0.2634627965797764
ER,Medium heterogeneity,2.0,5.0,11,1942351,0.5,0.21616688073000606,0.2490833268918911
ER,Medium heterogeneity,2.0,5.0,11,1942351,0.7,0.13659355751015165,0.1931811589304226
ER,Medium heterogeneity,2.0,5.0,11,1942351,0.9,0.10313819152093157,0.1736964867725978
ER,Medium heterogeneity,2.0,5.0,11,1942351,1.0,0.10484438944821604,0.17731704312888077
ER,Medium heterogeneity,2.0,5.0,12,1942352,0.0,0.21039929595145693,0.42230310596432036
ER,Medium heterogeneity,2.0,5.0,12,1942352,0.3,0.1683309873468372,0.3872554704390148
ER,Medium heterogeneity,2.0,5.0,12,1942352,0.5,0.1204020377889943,0.35312861882932256
ER,Medium heterogeneity,2.0,5.0,12,1942352,0.7,0.06511405952854338,0.30771886320717556
ER,Medium heterogeneity,2.0,5.0,12,1942352,0.9,0.03682604629398002,0.28671240330348546
ER,Medium heterogeneity,2.0,5.0,12,1942352,1.0,0.03601850156049505,0.28641698480829
ER,Medium heterogeneity,2.0,5.0,13,1942353,0.0,0.05747299890980664,0.20341359856025812
ER,Medium heterogeneity,2.0,5.0,13,1942353,0.3,0.06198410906551925,0.217920550999565
ER,Medium heterogeneity,2.0,5.0,13,1942353,0.5,0.06321045905994334,0.23624982202612202
ER,Medium heterogeneity,2.0,5.0,13,1942353,0.7,0.038228369547002,0.2287260233297729
ER,Medium heterogeneity,2.0,5.0,13,1942353,0.9,0.03215108870493745,0.23224536300453494
ER,Medium heterogeneity,2.0,5.0,13,1942353,1.0,0.03235967989175524,0.23539665336420174
ER,Medium heterogeneity,2.0,5.0,14,1942354,0.0,0.4292973997893611,0.5006397699750862
ER,Medium heterogeneity,2.0,5.0,14,1942354,0.3,0.3754786985557225,0.4399083505044347
ER,Medium heterogeneity,2.0,5.0,14,1942354,0.5,0.3493765393461828,0.4018872201990819
ER,Medium heterogeneity,2.0,5.0,14,1942354,0.7,0.29820165944361027,0.3057712815654781
ER,Medium heterogeneity,2.0,5.0,14,1942354,0.9,0.18800167588846048,0.21990588099174885
ER,Medium heterogeneity,2.0,5.0,14,1942354,1.0,0.16975545854597077,0.20793134595600615
ER,Medium heterogeneity,2.0,5.0,15,1942355,0.0,0.11288285753461479,0.3444579974131748
ER,Medium heterogeneity,2.0,5.0,15,1942355,0.3,0.08792011352425713,0.327882252122718
ER,Medium heterogeneity,2.0,5.0,15,1942355,0.5,0.07620128599363582,0.31942752098564753
ER,Medium heterogeneity,2.0,5.0,15,1942355,0.7,0.0486492686447955,0.30029567197248136
ER,Medium heterogeneity,2.0,5.0,15,1942355,0.9,0.040994314753720805,0.2973611416029869
ER,Medium heterogeneity,2.0,5.0,15,1942355,1.0,0.03970962857956806,0.29798269689708634
ER,Medium heterogeneity,2.0,5.0,16,1942356,0.0,0.10477930742844514,0.22685617313279802
ER,Medium heterogeneity,2.0,5.0,16,1942356,0.3,0.10181486418520137,0.22761657874306665
ER,Medium heterogeneity,2.0,5.0,16,1942356,0.5,0.08439332880381535,0.21153339333219828
ER,Medium heterogeneity,2.0,5.0,16,1942356,0.7,0.04285129604081331,0.1706580254572228
ER,Medium heterogeneity,2.0,5.0,16,1942356,0.9,0.01435951400971911,0.1434950137222475
ER,Medium heterogeneity,2.0,5.0,16,1942356,1.0,0.009851365502364488,0.13927066172845548
ER,Medium heterogeneity,2.0,5.0,17,1942357,0.0,0.42199814380133593,0.49165032637243605
ER,Medium heterogeneity,2.0,5.0,17,1942357,0.3,0.3124644309827435,0.3920542182590342
ER,Medium heterogeneity,2.0,5.0,17,1942357,0.5,0.24029744024199404,0.3246965694813856
ER,Medium heterogeneity,2.0,5.0,17,1942357,0.7,0.12850540294184992,0.22621302881289934
ER,Medium heterogeneity,2.0,5.0,17,1942357,0.9,0.03331879970973039,0.15392243811880854
ER,Medium heterogeneity,2.0,5.0,17,1942357,1.0,0.004403762608456111,0.1367238728309758
ER,Medium heterogeneity,2.0,5.0,18,1942358,0.0,0.11415266304466562,0.2525345147521413
ER,Medium heterogeneity,2.0,5.0,18,1942358,0.3,0.10203567355017501,0.23824383497505694
ER,Medium heterogeneity,2.0,5.0,18,1942358,0.5,0.07191125784146907,0.20711025129093205
ER,Medium heterogeneity,2.0,5.0,18,1942358,0.7,0.08769887989707205,0.21401905755459535
ER,Medium heterogeneity,2.0,5.0,18,1942358,0.9,0.07385459734396577,0.2124532366430426
ER,Medium heterogeneity,2.0,5.0,18,1942358,1.0,0.0728677091711006,0.21577075798712333
ER,Medium heterogeneity,2.0,5.0,19,1942359,0.0,0.3461229155226545,0.40279191444615536
ER,Medium heterogeneity,2.0,5.0,19,1942359,0.3,0.2888908212443255,0.348688050325917
ER,Medium heterogeneity,2.0,5.0,19,1942359,0.5,0.25141241433485134,0.3050662960646144
ER,Medium heterogeneity,2.0,5.0,19,1942359,0.7,0.14773465487280318,0.21070641775391918
ER,Medium heterogeneity,2.0,5.0,19,1942359,0.9,0.08433091553216664,0.15330008634686484
ER,Medium heterogeneity,2.0,5.0,19,1942359,1.0,0.07489473304443087,0.14407331772450468
ER,Medium heterogeneity,2.0,5.0,20,1942360,0.0,0.18479679764768422,0.2655494104385139
ER,Medium heterogeneity,2.0,5.0,20,1942360,0.3,0.1627422389688845,0.2496844240324531
ER,Medium heterogeneity,2.0,5.0,20,1942360,0.5,0.13849914181506864,0.2321575077073767
ER,Medium heterogeneity,2.0,5.0,20,1942360,0.7,0.07805346947372456,0.17876156610111765
ER,Medium heterogeneity,2.0,5.0,20,1942360,0.9,0.057422181057865646,0.16088859712421139
ER,Medium heterogeneity,2.0,5.0,20,1942360,1.0,0.05424243730619327,0.15831286466278408
ER,Medium heterogeneity,2.0,5.0,21,1942361,0.0,0.39084620473365256,0.45556118313930627
ER,Medium heterogeneity,2.0,5.0,21,1942361,0.3,0.3034564468349752,0.38068751994711475
ER,Medium heterogeneity,2.0,5.0,21,1942361,0.5,0.2570587669336772,0.33080603216088483
ER,Medium heterogeneity,2.0,5.0,21,1942361,0.7,0.1560178944575824,0.2319286273019283
ER,Medium heterogeneity,2.0,5.0,21,1942361,0.9,0.0903945081857088,0.17158603085990953
ER,Medium heterogeneity,2.0,5.0,21,1942361,1.0,0.08462569777393128,0.16586184372816895
ER,Medium heterogeneity,2.0,5.0,22,1942362,0.0,0.32392209674613726,0.37778841954649056
ER,Medium heterogeneity,2.0,5.0,22,1942362,0.3,0.2909520271384945,0.3446622338710686
ER,Medium heterogeneity,2.0,5.0,22,1942362,0.5,0.24176891354249433,0.29699107328672547
ER,Medium heterogeneity,2.0,5.0,22,1942362,0.7,0.1277603690207681,0.19346128136265173
ER,Medium heterogeneity,2.0,5.0,22,1942362,0.9,0.031724235069748856,0.11580863984060873
ER,Medium heterogeneity,2.0,5.0,22,1942362,1.0,0.0167787257557711,0.10749628080094313
ER,Medium heterogeneity,2.0,5.0,23,1942363,0.0,0.22386288832826462,0.368429347060541
ER,Medium heterogeneity,2.0,5.0,23,1942363,0.3,0.20009232873012098,0.3491237583279062
ER,Medium heterogeneity,2.0,5.0,23,1942363,0.5,0.14842963981597648,0.3168986191134281
ER,Medium heterogeneity,2.0,5.0,23,1942363,0.7,0.0799100915075668,0.2703921105849956
ER,Medium heterogeneity,2.0,5.0,23,1942363,0.9,0.024682342633038565,0.2319513151389836
ER,Medium heterogeneity,2.0,5.0,23,1942363,1.0,0.010054088337764838,0.22380646635827844
ER,Medium heterogeneity,2.0,5.0,24,1942364,0.0,0.41626616674695904,0.511360044866524
ER,Medium heterogeneity,2.0,5.0,24,1942364,0.3,0.37014212322631557,0.4631764855826455
ER,Medium heterogeneity,2.0,5.0,24,1942364,0.5,0.3249644602238004,0.4148347015077053
ER,Medium heterogeneity,2.0,5.0,24,1942364,0.7,0.19597066618879586,0.29867708913862384
ER,Medium heterogeneity,2.0,5.0,24,1942364,0.9,0.07612425273701444,0.20160741890069986
ER,Medium heterogeneity,2.0,5.0,24,1942364,1.0,0.059375817713073105,0.18918102502672657
ER,Medium heterogeneity,2.0,5.0,25,1942365,0.0,0.28353045311036157,0.38271514284234975
ER,Medium heterogeneity,2.0,5.0,25,1942365,0.3,0.2540741716073966,0.3581273482208846
ER,Medium heterogeneity,2.0,5.0,25,1942365,0.5,0.2190453579858667,0.3305205283860805
ER,Medium heterogeneity,2.0,5.0,25,1942365,0.7,0.18678620016952818,0.3096062958478335
ER,Medium heterogeneity,2.0,5.0,25,1942365,0.9,0.13336486410966428,0.2633513826101573
ER,Medium heterogeneity,2.0,5.0,25,1942365,1.0,0.11851798243374598,0.2504044016123681
ER,Medium heterogeneity,2.0,5.0,26,1942366,0.0,0.3211462671685393,0.37480267006125534
ER,Medium heterogeneity,2.0,5.0,26,1942366,0.3,0.24117683255917594,0.30802562160528923
ER,Medium heterogeneity,2.0,5.0,26,1942366,0.5,0.22237157638952337,0.28370801772387394
ER,Medium heterogeneity,2.0,5.0,26,1942366,0.7,0.1062946448418399,0.17240073425127792
ER,Medium heterogeneity,2.0,5.0,26,1942366,0.9,0.04680006122655174,0.11864494942925068
ER,Medium heterogeneity,2.0,5.0,26,1942366,1.0,0.03887496106748629,0.11155191328288244
ER,Medium heterogeneity,2.0,5.0,27,1942367,0.0,0.1624340843811925,0.24125603117281735
ER,Medium heterogeneity,2.0,5.0,27,1942367,0.3,0.13267425092060103,0.212677151188755
ER,Medium heterogeneity,2.0,5.0,27,1942367,0.5,0.08895694597054304,0.17428159477452182
ER,Medium heterogeneity,2.0,5.0,27,1942367,0.7,0.05044963758582302,0.14339510635997876
ER,Medium heterogeneity,2.0,5.0,27,1942367,0.9,0.021327557225267118,0.11945589937564546
ER,Medium heterogeneity,2.0,5.0,27,1942367,1.0,0.015432735468037825,0.11480413360329375
ER,Medium heterogeneity,2.0,5.0,28,1942368,0.0,0.11051972031197563,0.2902826153338773
ER,Medium heterogeneity,2.0,5.0,28,1942368,0.3,0.09613113352548777,0.2798746857054229
ER,Medium heterogeneity,2.0,5.0,28,1942368,0.5,0.06536343341984692,0.2567926398234316
ER,Medium heterogeneity,2.0,5.0,28,1942368,0.7,0.036837542624278345,0.24035147067306356
ER,Medium heterogeneity,2.0,5.0,28,1942368,0.9,0.02319339927361287,0.23527415567504192
ER,Medium heterogeneity,2.0,5.0,28,1942368,1.0,0.022552654549556985,0.23574258788823496
ER,Medium heterogeneity,2.0,5.0,29,1942369,0.0,0.245913600394126,0.36517993351379796
ER,Medium heterogeneity,2.0,5.0,29,1942369,0.3,0.2160047014278734,0.32813871636082526
ER,Medium heterogeneity,2.0,5.0,29,1942369,0.5,0.18767983745260386,0.28711064239371875
ER,Medium heterogeneity,2.0,5.0,29,1942369,0.7,0.17019799870136895,0.2617125969161786
ER,Medium heterogeneity,2.0,5.0,29,1942369,0.9,0.16670154816557456,0.25426674021460965
ER,Medium heterogeneity,2.0,5.0,29,1942369,1.0,0.18968810303324865,0.2679455665962683
ER,Medium heterogeneity,2.0,5.0,30,1942370,0.0,0.265055748499332,0.4830927383827728
ER,Medium heterogeneity,2.0,5.0,30,1942370,0.3,0.21781806259949196,0.42859673049945163
ER,Medium heterogeneity,2.0,5.0,30,1942370,0.5,0.18081035831350326,0.37140206071786624
ER,Medium heterogeneity,2.0,5.0,30,1942370,0.7,0.1698854152898212,0.34113650918199945
ER,Medium heterogeneity,2.0,5.0,30,1942370,0.9,0.17502814673442052,0.33326248029432254
ER,Medium heterogeneity,2.0,5.0,30,1942370,1.0,0.17349921084254774,0.33114304512032616
ER,Medium heterogeneity,2.0,5.0,31,1942371,0.0,0.1318993957736618,0.2809089974223681
ER,Medium heterogeneity,2.0,5.0,31,1942371,0.3,0.12503704387749745,0.26891553802815266
ER,Medium heterogeneity,2.0,5.0,31,1942371,0.5,0.09355454696202517,0.24646834603784815
ER,Medium heterogeneity,2.0,5.0,31,1942371,0.7,0.3148330839716084,0.34945016464658124
ER,Medium heterogeneity,2.0,5.0,31,1942371,0.9,0.5911867899664905,0.5601921467680082
ER,Medium heterogeneity,2.0,5.0,31,1942371,1.0,0.4251908164733606,0.5250106637573045
ER,Medium heterogeneity,2.0,5.0,32,1942372,0.0,0.3079991625463591,0.4004426796862478
ER,Medium heterogeneity,2.0,5.0,32,1942372,0.3,0.21704007547261192,0.33800331774487935
ER,Medium heterogeneity,2.0,5.0,32,1942372,0.5,0.14101261860957626,0.2980169841575123
ER,Medium heterogeneity,2.0,5.0,32,1942372,0.7,0.07950219787044258,0.26303014033540106
ER,Medium heterogeneity,2.0,5.0,32,1942372,0.9,0.02144835407655719,0.23274465959802576
ER,Medium heterogeneity,2.0,5.0,32,1942372,1.0,0.005660680377488925,0.2270246481382942
ER,Medium heterogeneity,2.0,5.0,33,1942373,0.0,0.4570165752075723,0.5641125143434802
ER,Medium heterogeneity,2.0,5.0,33,1942373,0.3,0.38478067675808275,0.49275904198263504
ER,Medium heterogeneity,2.0,5.0,33,1942373,0.5,0.25098747822345424,0.37300254718825565
ER,Medium heterogeneity,2.0,5.0,33,1942373,0.7,0.13316166582789812,0.26738268663102777
ER,Medium heterogeneity,2.0,5.0,33,1942373,0.9,0.08243093049130992,0.2227469499341688
ER,Medium heterogeneity,2.0,5.0,33,1942373,1.0,0.07364450978612866,0.21478494319082028
ER,Medium heterogeneity,2.0,5.0,34,1942374,0.0,0.2895525956488676,0.3652181483649289
ER,Medium heterogeneity,2.0,5.0,34,1942374,0.3,0.21602133690406483,0.30744018980549503
ER,Medium heterogeneity,2.0,5.0,34,1942374,0.5,0.20144880983684194,0.28754319995139405
ER,Medium heterogeneity,2.0,5.0,34,1942374,0.7,0.15056696998471478,0.23974885982092986
ER,Medium heterogeneity,2.0,5.0,34,1942374,0.9,0.133365647221593,0.2273868078184048
ER,Medium heterogeneity,2.0,5.0,34,1942374,1.0,0.12386461224074168,0.2214000847670572
ER,Medium heterogeneity,2.0,5.0,35,1942375,0.0,0.38532316496287955,0.47360747596778374
ER,Medium heterogeneity,2.0,5.0,35,1942375,0.3,0.292698837706902,0.40436993370924457
ER,Medium heterogeneity,2.0,5.0,35,1942375,0.5,0.25404794832075667,0.35834617701827803
ER,Medium heterogeneity,2.0,5.0,35,1942375,0.7,0.4283243553816845,0.40176098522477266
ER,Medium heterogeneity,2.0,5.0,35,1942375,0.9,0.4349291355707447,0.40914140037675156
ER,Medium heterogeneity,2.0,5.0,35,1942375,1.0,0.4915822227962973,0.4359621603419437
ER,Medium heterogeneity,2.0,5.0,36,1942376,0.0,0.1866864712531732,0.3402755792312175
ER,Medium heterogeneity,2.0,5.0,36,1942376,0.3,0.16361987787782317,0.3272029078466635
ER,Medium heterogeneity,2.0,5.0,36,1942376,0.5,0.11804265811521349,0.29614902936418436
ER,Medium heterogeneity,2.0,5.0,36,1942376,0.7,0.05570533139709736,0.2531944422081953
ER,Medium heterogeneity,2.0,5.0,36,1942376,0.9,0.03864522453910963,0.23967725663701092
ER,Medium heterogeneity,2.0,5.0,36,1942376,1.0,0.038247895272943554,0.23906012790772008
ER,Medium heterogeneity,2.0,5.0,37,1942377,0.0,0.26071613121117626,0.33690569224209516
ER,Medium heterogeneity,2.0,5.0,37,1942377,0.3,0.21221396470338097,0.29313648403203263
ER,Medium heterogeneity,2.0,5.0,37,1942377,0.5,0.19120286826234026,0.2622544665579757
ER,Medium heterogeneity,2.0,5.0,37,1942377,0.7,0.10846569826011013,0.19839331555679826
ER,Medium heterogeneity,2.0,5.0,37,1942377,0.9,0.07048327614452768,0.16839786792880526
ER,Medium heterogeneity,2.0,5.0,37,1942377,1.0,0.06822109041489573,0.166717130816769
ER,Medium heterogeneity,2.0,5.0,38,1942378,0.0,0.02738572874576233,0.19231011941938048
ER,Medium heterogeneity,2.0,5.0,38,1942378,0.3,0.02491953360071606,0.19675319292849097
ER,Medium heterogeneity,2.0,5.0,38,1942378,0.5,0.021984255799836604,0.20031277388359664
ER,Medium heterogeneity,2.0,5.0,38,1942378,0.7,0.0137942481574118,0.20087819873079726
ER,Medium heterogeneity,2.0,5.0,38,1942378,0.9,0.009813422721219187,0.20132644358008164
ER,Medium heterogeneity,2.0,5.0,38,1942378,1.0,0.009848131051163516,0.2016247078811785
ER,Medium heterogeneity,2.0,5.0,39,1942379,0.0,0.10899099269697292,0.20681467753088137
ER,Medium heterogeneity,2.0,5.0,39,1942379,0.3,0.08864478426501134,0.19219164917323434
ER,Medium heterogeneity,2.0,5.0,39,1942379,0.5,0.0714773447302187,0.18067605114666088
ER,Medium heterogeneity,2.0,5.0,39,1942379,0.7,0.04654307078302197,0.15720635867510094
ER,Medium heterogeneity,2.0,5.0,39,1942379,0.9,0.024767129827963256,0.139249866393426
ER,Medium heterogeneity,2.0,5.0,39,1942379,1.0,0.021441801668914025,0.1368332152486395
ER,Medium heterogeneity,2.0,5.0,40,1942380,0.0,0.27604348828059594,0.4133576907470376
ER,Medium heterogeneity,2.0,5.0,40,1942380,0.3,0.18770678929024773,0.34664746565933163
ER,Medium heterogeneity,2.0,5.0,40,1942380,0.5,0.12593055823384505,0.2960271765000756
ER,Medium heterogeneity,2.0,5.0,40,1942380,0.7,0.07041092981942859,0.25052708449457567
ER,Medium heterogeneity,2.0,5.0,40,1942380,0.9,0.05008659275278481,0.23905884320641327
ER,Medium heterogeneity,2.0,5.0,40,1942380,1.0,0.046639868901507515,0.2342799377032906
ER,Medium heterogeneity,2.0,5.0,41,1942381,0.0,0.12423937306781967,0.2300302785818435
ER,Medium heterogeneity,2.0,5.0,41,1942381,0.3,0.11501346533784866,0.22404285724773745
ER,Medium heterogeneity,2.0,5.0,41,1942381,0.5,0.10782215398975235,0.21528196229311977
ER,Medium heterogeneity,2.0,5.0,41,1942381,0.7,0.06809855119118007,0.17624137251804756
ER,Medium heterogeneity,2.0,5.0,41,1942381,0.9,0.047350806711582205,0.15579575627083342
ER,Medium heterogeneity,2.0,5.0,41,1942381,1.0,0.04410260660454013,0.1521028231353187
ER,Medium heterogeneity,2.0,5.0,42,1942382,0.0,0.26418461781633673,0.3267909142567313
ER,Medium heterogeneity,2.0,5.0,42,1942382,0.3,0.21866300196958383,0.2839718698266118
ER,Medium heterogeneity,2.0,5.0,42,1942382,0.5,0.1511660472829433,0.22292461267287328
ER,Medium heterogeneity,2.0,5.0,42,1942382,0.7,0.08219533106583536,0.15719751686135594
ER,Medium heterogeneity,2.0,5.0,42,1942382,0.9,0.053975130694517884,0.1310137779287101
ER,Medium heterogeneity,2.0,5.0,42,1942382,1.0,0.049603898622023274,0.12724843952771106
ER,Medium heterogeneity,2.0,5.0,43,1942383,0.0,0.188637299944356,0.3363435332068233
ER,Medium heterogeneity,2.0,5.0,43,1942383,0.3,0.19550814162664606,0.3303924553483751
ER,Medium heterogeneity,2.0,5.0,43,1942383,0.5,0.18361729559377768,0.31138454134205
ER,Medium heterogeneity,2.0,5.0,43,1942383,0.7,0.09550040733240396,0.23014982100128614
ER,Medium heterogeneity,2.0,5.0,43,1942383,0.9,0.03894665940479367,0.1829229432346465
ER,Medium heterogeneity,2.0,5.0,43,1942383,1.0,0.02686953097459344,0.17368911777722057
ER,Medium heterogeneity,2.0,5.0,44,1942384,0.0,0.2544372406447861,0.33784525888780187
ER,Medium heterogeneity,2.0,5.0,44,1942384,0.3,0.24806450316509385,0.32964192612485244
ER,Medium heterogeneity,2.0,5.0,44,1942384,0.5,0.22024475091197554,0.3039597652005154
ER,Medium heterogeneity,2.0,5.0,44,1942384,0.7,0.16400514263654534,0.25190528259557887
ER,Medium heterogeneity,2.0,5.0,44,1942384,0.9,0.13286100194911976,0.22513667823640304
ER,Medium heterogeneity,2.0,5.0,44,1942384,1.0,0.12620965303401652,0.21994383002691645
ER,Medium heterogeneity,2.0,5.0,45,1942385,0.0,0.28365201351713654,0.364776236426135
ER,Medium heterogeneity,2.0,5.0,45,1942385,0.3,0.22067055511826075,0.30886566623193445
ER,Medium heterogeneity,2.0,5.0,45,1942385,0.5,0.1556190556362748,0.24896640503480813
ER,Medium heterogeneity,2.0,5.0,45,1942385,0.7,0.08392409138444516,0.171129263897579
ER,Medium heterogeneity,2.0,5.0,45,1942385,0.9,0.06134086813371924,0.14857719176096418
ER,Medium heterogeneity,2.0,5.0,45,1942385,1.0,0.05756202506549295,0.1450263336899381
ER,Medium heterogeneity,2.0,5.0,46,1942386,0.0,0.5684494461498396,0.5898059343556359
ER,Medium heterogeneity,2.0,5.0,46,1942386,0.3,0.49529491192684905,0.5177873304911155
ER,Medium heterogeneity,2.0,5.0,46,1942386,0.5,0.36667697291866685,0.3948246963003674
ER,Medium heterogeneity,2.0,5.0,46,1942386,0.7,0.20961647598788954,0.2592020036070176
ER,Medium heterogeneity,2.0,5.0,46,1942386,0.9,0.11555899400079966,0.1839638540951459
ER,Medium heterogeneity,2.0,5.0,46,1942386,1.0,0.10168349379061489,0.17378898854438093
ER,Medium heterogeneity,2.0,5.0,47,1942387,0.0,0.317422120612026,0.3818045498478381
ER,Medium heterogeneity,2.0,5.0,47,1942387,0.3,0.2596640094809139,0.3322063337857971
ER,Medium heterogeneity,2.0,5.0,47,1942387,0.5,0.19192452718600117,0.2796183592718385
ER,Medium heterogeneity,2.0,5.0,47,1942387,0.7,0.12262262180909458,0.21970503992818305
ER,Medium heterogeneity,2.0,5.0,47,1942387,0.9,0.09146249999879481,0.191124422896742
ER,Medium heterogeneity,2.0,5.0,47,1942387,1.0,0.08690883352519951,0.1867123377973694
ER,Medium heterogeneity,2.0,5.0,48,1942388,0.0,0.27974634560863204,0.3809688529300046
ER,Medium heterogeneity,2.0,5.0,48,1942388,0.3,0.2421713845011351,0.3484176678518821
ER,Medium heterogeneity,2.0,5.0,48,1942388,0.5,0.20686767377253226,0.32372494942353575
ER,Medium heterogeneity,2.0,5.0,48,1942388,0.7,0.15242100561060035,0.282510496996105
ER,Medium heterogeneity,2.0,5.0,48,1942388,0.9,0.1406161058545446,0.27492776520097645
ER,Medium heterogeneity,2.0,5.0,48,1942388,1.0,0.14249873531018403,0.2773849560678775
ER,Medium heterogeneity,2.0,5.0,49,1942389,0.0,0.30950336843261983,0.3898347848773789
ER,Medium heterogeneity,2.0,5.0,49,1942389,0.3,0.2517355295182144,0.34323036391455297
ER,Medium heterogeneity,2.0,5.0,49,1942389,0.5,0.15402806292538176,0.2640335385466257
ER,Medium heterogeneity,2.0,5.0,49,1942389,0.7,0.09391830296051447,0.1949469563855722
ER,Medium heterogeneity,2.0,5.0,49,1942389,0.9,0.06687668360413275,0.17343997013665527
ER,Medium heterogeneity,2.0,5.0,49,1942389,1.0,0.06596012799177715,0.17381805103749037
ER,High heterogeneity,0.5,0.5,0,1942340,0.0,0.16350227906953796,0.26082486116701425
ER,High heterogeneity,0.5,0.5,0,1942340,0.3,0.14541166615560286,0.245707433880519
ER,High heterogeneity,0.5,0.5,0,1942340,0.5,0.11725485531011955,0.21921619708017856
ER,High heterogeneity,0.5,0.5,0,1942340,0.7,0.0811211505556578,0.1878812409407786
ER,High heterogeneity,0.5,0.5,0,1942340,0.9,0.06071185556819806,0.17380485627308678
ER,High heterogeneity,0.5,0.5,0,1942340,1.0,0.057688372929921954,0.17281981240656183
ER,High heterogeneity,0.5,0.5,1,1942341,0.0,0.05592686032782593,0.2978063656925767
ER,High heterogeneity,0.5,0.5,1,1942341,0.3,0.050356572926167756,0.28443262375018313
ER,High heterogeneity,0.5,0.5,1,1942341,0.5,0.05059937761938186,0.2813207426234716
ER,High heterogeneity,0.5,0.5,1,1942341,0.7,0.044803560833002146,0.26114199824894946
ER,High heterogeneity,0.5,0.5,1,1942341,0.9,0.04346749948309518,0.25453923017981445
ER,High heterogeneity,0.5,0.5,1,1942341,1.0,0.02830881146882092,0.24153688420245928
ER,High heterogeneity,0.5,0.5,2,1942342,0.0,0.3552130991548722,0.43622557028773523
ER,High heterogeneity,0.5,0.5,2,1942342,0.3,0.257079205481453,0.34346026282154135
ER,High heterogeneity,0.5,0.5,2,1942342,0.5,0.15224369432591445,0.24976810466341104
ER,High heterogeneity,0.5,0.5,2,1942342,0.7,0.07013455159757793,0.17100634114927207
ER,High heterogeneity,0.5,0.5,2,1942342,0.9,0.02203883633119185,0.13036100278794321
ER,High heterogeneity,0.5,0.5,2,1942342,1.0,0.008400476290890557,0.12009580131397055
ER,High heterogeneity,0.5,0.5,3,1942343,0.0,0.28674633813235606,0.39131413801593357
ER,High heterogeneity,0.5,0.5,3,1942343,0.3,0.23641116727942402,0.34350313258806814
ER,High heterogeneity,0.5,0.5,3,1942343,0.5,0.23345105873606892,0.3352449120854085
ER,High heterogeneity,0.5,0.5,3,1942343,0.7,0.2661941106159919,0.35350061140268724
ER,High heterogeneity,0.5,0.5,3,1942343,0.9,0.27160691944502313,0.34841867428945555
ER,High heterogeneity,0.5,0.5,3,1942343,1.0,0.2763868124419817,0.35000772375947004
ER,High heterogeneity,0.5,0.5,4,1942344,0.0,0.37946374045511216,0.5074195511103139
ER,High heterogeneity,0.5,0.5,4,1942344,0.3,0.292841579599904,0.41508051889747766
ER,High heterogeneity,0.5,0.5,4,1942344,0.5,0.2066201751396255,0.3261824076639196
ER,High heterogeneity,0.5,0.5,4,1942344,0.7,0.1351454076843255,0.2658751800387706
ER,High heterogeneity,0.5,0.5,4,1942344,0.9,0.08397548791378728,0.22182143807611934
ER,High heterogeneity,0.5,0.5,4,1942344,1.0,0.0735097288014738,0.213155148952093
ER,High heterogeneity,0.5,0.5,5,1942345,0.0,0.17628697310685884,0.5075985786488164
ER,High heterogeneity,0.5,0.5,5,1942345,0.3,0.1361874722653594,0.46446736045907133
ER,High heterogeneity,0.5,0.5,5,1942345,0.5,0.09246561036567812,0.44514938492151546
ER,High heterogeneity,0.5,0.5,5,1942345,0.7,0.05333293115771065,0.4253240304916785
ER,High heterogeneity,0.5,0.5,5,1942345,0.9,0.017286904881803823,0.4050900741706962
ER,High heterogeneity,0.5,0.5,5,1942345,1.0,0.0048466059067523385,0.400770065233864
ER,High heterogeneity,0.5,0.5,6,1942346,0.0,0.4750348375403683,0.5367423529740487
ER,High heterogeneity,0.5,0.5,6,1942346,0.3,0.38531039498180547,0.4633633030194102
ER,High heterogeneity,0.5,0.5,6,1942346,0.5,0.2855157220632506,0.37445910830870116
ER,High heterogeneity,0.5,0.5,6,1942346,0.7,0.21324416086420994,0.3087153731451548
ER,High heterogeneity,0.5,0.5,6,1942346,0.9,0.17654972542349517,0.27867407836337743
ER,High heterogeneity,0.5,0.5,6,1942346,1.0,0.17620961603774696,0.27952945897532055
ER,High heterogeneity,0.5,0.5,7,1942347,0.0,0.7021050048734414,0.7478849454677577
ER,High heterogeneity,0.5,0.5,7,1942347,0.3,0.5133390223315831,0.5777682338155067
ER,High heterogeneity,0.5,0.5,7,1942347,0.5,0.2802740936448325,0.3875659356937083
ER,High heterogeneity,0.5,0.5,7,1942347,0.7,0.170239326592623,0.3007868067099993
ER,High heterogeneity,0.5,0.5,7,1942347,0.9,0.10758927681385648,0.25773778075922993
ER,High heterogeneity,0.5,0.5,7,1942347,1.0,0.09281364793601976,0.2476544033600576
ER,High heterogeneity,0.5,0.5,8,1942348,0.0,0.6290772162352669,0.7700647855810416
ER,High heterogeneity,0.5,0.5,8,1942348,0.3,0.4730198768902981,0.6187099468168783
ER,High heterogeneity,0.5,0.5,8,1942348,0.5,0.3423916898094921,0.4940422370215541
ER,High heterogeneity,0.5,0.5,8,1942348,0.7,0.27317214444495413,0.42394441857912857
ER,High heterogeneity,0.5,0.5,8,1942348,0.9,0.2733242096055044,0.4143307687657013
ER,High heterogeneity,0.5,0.5,8,1942348,1.0,0.2785586003227492,0.41747835629146623
ER,High heterogeneity,0.5,0.5,9,1942349,0.0,0.2865730068925699,0.38487204503108496
ER,High heterogeneity,0.5,0.5,9,1942349,0.3,0.2768842207307104,0.3683275873011107
ER,High heterogeneity,0.5,0.5,9,1942349,0.5,0.25286521409554363,0.3529410110591878
ER,High heterogeneity,0.5,0.5,9,1942349,0.7,0.1448046130928033,0.2422563323876719
ER,High heterogeneity,0.5,0.5,9,1942349,0.9,0.15095055242504696,0.23446368308476
ER,High heterogeneity,0.5,0.5,9,1942349,1.0,0.13798885578408043,0.22893648413819762
ER,High heterogeneity,0.5,0.5,10,1942350,0.0,0.4653516454774079,0.584568197269669
ER,High heterogeneity,0.5,0.5,10,1942350,0.3,0.428922824765732,0.541482679851788
ER,High heterogeneity,0.5,0.5,10,1942350,0.5,0.3867920665737241,0.49474755350512917
ER,High heterogeneity,0.5,0.5,10,1942350,0.7,0.3552149585711033,0.45667766767931656
ER,High heterogeneity,0.5,0.5,10,1942350,0.9,0.2925706690732274,0.4111444591817528
ER,High heterogeneity,0.5,0.5,10,1942350,1.0,0.3058982220314651,0.4255609861495481
ER,High heterogeneity,0.5,0.5,11,1942351,0.0,0.31809376702921494,0.3970614405376152
ER,High heterogeneity,0.5,0.5,11,1942351,0.3,0.24208076028430023,0.3257542023304471
ER,High heterogeneity,0.5,0.5,11,1942351,0.5,0.14720668266971104,0.2374914688608721
ER,High heterogeneity,0.5,0.5,11,1942351,0.7,0.06746709450282976,0.16605096813933687
ER,High heterogeneity,0.5,0.5,11,1942351,0.9,0.02035973232873197,0.1250362177958137
ER,High heterogeneity,0.5,0.5,11,1942351,1.0,0.003258514057360689,0.11098540346275139
ER,High heterogeneity,0.5,0.5,12,1942352,0.0,0.36910958507195907,0.5737864092932873
ER,High heterogeneity,0.5,0.5,12,1942352,0.3,0.2788459219974085,0.49092653958210813
ER,High heterogeneity,0.5,0.5,12,1942352,0.5,0.27231157033142295,0.4872563423595154
ER,High heterogeneity,0.5,0.5,12,1942352,0.7,0.2019920118067968,0.4561941997964348
ER,High heterogeneity,0.5,0.5,12,1942352,0.9,0.2671204854053697,0.4890328256247247
ER,High heterogeneity,0.5,0.5,12,1942352,1.0,1.0091801581660416,0.8281094450117944
ER,High heterogeneity,0.5,0.5,13,1942353,0.0,0.10075781955045907,0.2686364262548713
ER,High heterogeneity,0.5,0.5,13,1942353,0.3,0.08247313238295778,0.26211791278937435
ER,High heterogeneity,0.5,0.5,13,1942353,0.5,0.06896054299924931,0.2629395370742885
ER,High heterogeneity,0.5,0.5,13,1942353,0.7,0.04262055569401654,0.24945967241796194
ER,High heterogeneity,0.5,0.5,13,1942353,0.9,0.03164950535065571,0.2442182248395967
ER,High heterogeneity,0.5,0.5,13,1942353,1.0,0.03289795264419938,0.24625984983013247
ER,High heterogeneity,0.5,0.5,14,1942354,0.0,0.7027644586489681,0.7540479005623504
ER,High heterogeneity,0.5,0.5,14,1942354,0.3,0.5799013901122045,0.637102957783447
ER,High heterogeneity,0.5,0.5,14,1942354,0.5,0.34472920498273496,0.4180573471691386
ER,High heterogeneity,0.5,0.5,14,1942354,0.7,0.23975587657266145,0.3218784559798421
ER,High heterogeneity,0.5,0.5,14,1942354,0.9,0.18751724932785102,0.27182731165443125
ER,High heterogeneity,0.5,0.5,14,1942354,1.0,0.17494864952288272,0.26069932523614003
ER,High heterogeneity,0.5,0.5,15,1942355,0.0,0.10661577642523858,0.31569814732142104
ER,High heterogeneity,0.5,0.5,15,1942355,0.3,0.1003412515964376,0.3097706970625647
ER,High heterogeneity,0.5,0.5,15,1942355,0.5,0.11864418550132777,0.32361086066493056
ER,High heterogeneity,0.5,0.5,15,1942355,0.7,0.15900101405148012,0.3477869668410265
ER,High heterogeneity,0.5,0.5,15,1942355,0.9,0.45758538070333976,0.4352204839658764
ER,High heterogeneity,0.5,0.5,15,1942355,1.0,0.8880390626923134,0.5343834917002255
ER,High heterogeneity,0.5,0.5,16,1942356,0.0,0.1316987950355056,0.25099128443329577
ER,High heterogeneity,0.5,0.5,16,1942356,0.3,0.10735832148973519,0.22952194263075204
ER,High heterogeneity,0.5,0.5,16,1942356,0.5,0.07957363085506475,0.20551899416749422
ER,High heterogeneity,0.5,0.5,16,1942356,0.7,0.04770807635430094,0.17786128281909336
ER,High heterogeneity,0.5,0.5,16,1942356,0.9,0.028801336700189837,0.15960750431932355
ER,High heterogeneity,0.5,0.5,16,1942356,1.0,0.04058005334057397,0.16338928828421304
ER,High heterogeneity,0.5,0.5,17,1942357,0.0,0.5640966302651508,0.6181660053634359
ER,High heterogeneity,0.5,0.5,17,1942357,0.3,0.47070595222081396,0.5302415475684752
ER,High heterogeneity,0.5,0.5,17,1942357,0.5,0.2959745680408557,0.3751226004127772
ER,High heterogeneity,0.5,0.5,17,1942357,0.7,0.14911955153741072,0.24812034723500234
ER,High heterogeneity,0.5,0.5,17,1942357,0.9,0.04590138962037804,0.167874141734856
ER,High heterogeneity,0.5,0.5,17,1942357,1.0,0.009338899940133254,0.14384563590851543
ER,High heterogeneity,0.5,0.5,18,1942358,0.0,0.13316807922127752,0.30037274845284795
ER,High heterogeneity,0.5,0.5,18,1942358,0.3,0.10982722128498075,0.2792047522275315
ER,High heterogeneity,0.5,0.5,18,1942358,0.5,0.0781084485205241,0.2506902296335404
ER,High heterogeneity,0.5,0.5,18,1942358,0.7,0.04292856902937381,0.222153881354459
ER,High heterogeneity,0.5,0.5,18,1942358,0.9,0.014098625232746355,0.19809662996209068
ER,High heterogeneity,0.5,0.5,18,1942358,1.0,0.0071386914363776015,0.19337446052538337
ER,High heterogeneity,0.5,0.5,19,1942359,0.0,0.7456913294127203,0.7713838195494078
ER,High heterogeneity,0.5,0.5,19,1942359,0.3,0.5268783793749344,0.5648707745589133
ER,High heterogeneity,0.5,0.5,19,1942359,0.5,0.46014116794079457,0.4963692532162666
ER,High heterogeneity,0.5,0.5,19,1942359,0.7,0.2573184824203016,0.3168596752713678
ER,High heterogeneity,0.5,0.5,19,1942359,0.9,0.21249999945325346,0.27594019319760776
ER,High heterogeneity,0.5,0.5,19,1942359,1.0,0.22938609043417735,0.2844895373372387
ER,High heterogeneity,0.5,0.5,20,1942360,0.0,0.28783240129549753,0.3635987193287423
ER,High heterogeneity,0.5,0.5,20,1942360,0.3,0.27833266932462336,0.3524422474861409
ER,High heterogeneity,0.5,0.5,20,1942360,0.5,0.21140670437433104,0.2979083590046122
ER,High heterogeneity,0.5,0.5,20,1942360,0.7,0.11114365155813306,0.2184462992488298
ER,High heterogeneity,0.5,0.5,20,1942360,0.9,0.07624274557758641,0.1912710162870878
ER,High heterogeneity,0.5,0.5,20,1942360,1.0,0.07625114346965929,0.1913918092059684
ER,High heterogeneity,0.5,0.5,21,1942361,0.0,0.7643806020904897,0.8018115651084856
ER,High heterogeneity,0.5,0.5,21,1942361,0.3,0.6068851520218552,0.6458176143590932
ER,High heterogeneity,0.5,0.5,21,1942361,0.5,0.44374622348346,0.4789269010763891
ER,High heterogeneity,0.5,0.5,21,1942361,0.7,0.17145680103018132,0.23916667853127477
ER,High heterogeneity,0.5,0.5,21,1942361,0.9,0.03785718291442196,0.1279375827149556
ER,High heterogeneity,0.5,0.5,21,1942361,1.0,0.0035892815305783856,0.10391617129211118
ER,High heterogeneity,0.5,0.5,22,1942362,0.0,0.6053269866560788,0.657247919545574
ER,High heterogeneity,0.5,0.5,22,1942362,0.3,0.5361730329720692,0.5879508507452021
ER,High heterogeneity,0.5,0.5,22,1942362,0.5,0.44506432803332385,0.4966365960426556
ER,High heterogeneity,0.5,0.5,22,1942362,0.7,0.2084250732017747,0.28371356383681373
ER,High heterogeneity,0.5,0.5,22,1942362,0.9,0.17318843916612722,0.25281891559976755
ER,High heterogeneity,0.5,0.5,22,1942362,1.0,0.19234142933698653,0.26753757487550517
ER,High heterogeneity,0.5,0.5,23,1942363,0.0,0.31079596189985403,0.47107276399368764
ER,High heterogeneity,0.5,0.5,23,1942363,0.3,0.26374178715491514,0.41627156381232583
ER,High heterogeneity,0.5,0.5,23,1942363,0.5,0.20302394702052287,0.35545130582202317
ER,High heterogeneity,0.5,0.5,23,1942363,0.7,0.1364143113849658,0.2990941820516144
ER,High heterogeneity,0.5,0.5,23,1942363,0.9,0.11998547019805678,0.28477377378314006
ER,High heterogeneity,0.5,0.5,23,1942363,1.0,0.12417575831039353,0.28758349640933334
ER,High heterogeneity,0.5,0.5,24,1942364,0.0,0.597666952613124,0.7024925828218452
ER,High heterogeneity,0.5,0.5,24,1942364,0.3,0.5123603683119744,0.6132823180068094
ER,High heterogeneity,0.5,0.5,24,1942364,0.5,0.42888049221789915,0.5294695343554979
ER,High heterogeneity,0.5,0.5,24,1942364,0.7,0.3439171826615378,0.4468711381394301
ER,High heterogeneity,0.5,0.5,24,1942364,0.9,0.32791950607448356,0.4067189541390112
ER,High heterogeneity,0.5,0.5,24,1942364,1.0,0.041094388096018654,0.2607649059070011
ER,High heterogeneity,0.5,0.5,25,1942365,0.0,0.5066325806296764,0.5882346217957054
ER,High heterogeneity,0.5,0.5,25,1942365,0.3,0.4724160904648825,0.5444585849144358
ER,High heterogeneity,0.5,0.5,25,1942365,0.5,0.4146824539667263,0.4899828735339585
ER,High heterogeneity,0.5,0.5,25,1942365,0.7,0.266987426867823,0.3622956080752636
ER,High heterogeneity,0.5,0.5,25,1942365,0.9,0.19884007717741398,0.3033326516883601
ER,High heterogeneity,0.5,0.5,25,1942365,1.0,0.1906815145180616,0.297238224134364
ER,High heterogeneity,0.5,0.5,26,1942366,0.0,0.6076947437740138,0.6485219529608397
ER,High heterogeneity,0.5,0.5,26,1942366,0.3,0.46202422393859277,0.513448537389931
ER,High heterogeneity,0.5,0.5,26,1942366,0.5,0.313803242261537,0.37182081446693604
ER,High heterogeneity,0.5,0.5,26,1942366,0.7,0.20747037138870048,0.2655399494907422
ER,High heterogeneity,0.5,0.5,26,1942366,0.9,0.17564880968450355,0.2366987199366927
ER,High heterogeneity,0.5,0.5,26,1942366,1.0,0.16867784159456817,0.23117873342794992
ER,High heterogeneity,0.5,0.5,27,1942367,0.0,0.18946476738934928,0.2643399003028845
ER,High heterogeneity,0.5,0.5,27,1942367,0.3,0.15592805789923825,0.2337581950761403
ER,High heterogeneity,0.5,0.5,27,1942367,0.5,0.1321908098853064,0.21413362422250296
ER,High heterogeneity,0.5,0.5,27,1942367,0.7,0.08794762083456188,0.1784967455005059
ER,High heterogeneity,0.5,0.5,27,1942367,0.9,0.06524396861754754,0.1623262807417675
ER,High heterogeneity,0.5,0.5,27,1942367,1.0,0.06176811609564275,0.16056794573919858
ER,High heterogeneity,0.5,0.5,28,1942368,0.0,0.10965043522921429,0.2730348724732983
ER,High heterogeneity,0.5,0.5,28,1942368,0.3,0.10029693823521342,0.2633724885595957
ER,High heterogeneity,0.5,0.5,28,1942368,0.5,0.07563390023551385,0.2430056678153202
ER,High heterogeneity,0.5,0.5,28,1942368,0.7,0.04807164391018206,0.23082133827448642
ER,High heterogeneity,0.5,0.5,28,1942368,0.9,0.03826744409247502,0.23318148186690552
ER,High heterogeneity,0.5,0.5,28,1942368,1.0,0.03720155837905465,0.23670908782325664
ER,High heterogeneity,0.5,0.5,29,1942369,0.0,0.49318995413211564,0.6196643671154107
ER,High heterogeneity,0.5,0.5,29,1942369,0.3,0.4015739622734172,0.5202517868648968
ER,High heterogeneity,0.5,0.5,29,1942369,0.5,0.2908125960537428,0.40015033064110395
ER,High heterogeneity,0.5,0.5,29,1942369,0.7,0.19691555445160167,0.30598207200407956
ER,High heterogeneity,0.5,0.5,29,1942369,0.9,0.13743504652429736,0.2587232662556532
ER,High heterogeneity,0.5,0.5,29,1942369,1.0,0.12468747345778564,0.2505071295541268
ER,High heterogeneity,0.5,0.5,30,1942370,0.0,0.3544069344873657,0.5676634190236011
ER,High heterogeneity,0.5,0.5,30,1942370,0.3,0.29997122879284155,0.5019103044463444
ER,High heterogeneity,0.5,0.5,30,1942370,0.5,0.24331077252555167,0.43575630550883976
ER,High heterogeneity,0.5,0.5,30,1942370,0.7,0.23919312006453602,0.40615779705448596
ER,High heterogeneity,0.5,0.5,30,1942370,0.9,0.6119368187266858,0.6245155828299009
ER,High heterogeneity,0.5,0.5,30,1942370,1.0,1.3386166308754095,0.9975108125325753
ER,High heterogeneity,0.5,0.5,31,1942371,0.0,0.23430133843950543,0.37367372389734366
ER,High heterogeneity,0.5,0.5,31,1942371,0.3,0.20449743617976057,0.35633464612584753
ER,High heterogeneity,0.5,0.5,31,1942371,0.5,0.11970387236839013,0.2943933784123248
ER,High heterogeneity,0.5,0.5,31,1942371,0.7,0.07979946009525585,0.27406514571674806
ER,High heterogeneity,0.5,0.5,31,1942371,0.9,0.05851867068258101,0.2612471416659619
ER,High heterogeneity,0.5,0.5,31,1942371,1.0,0.05393552370969929,0.2591891196397111
ER,High heterogeneity,0.5,0.5,32,1942372,0.0,0.3251519458675506,0.45394860285647975
ER,High heterogeneity,0.5,0.5,32,1942372,0.3,0.25241608912282104,0.38132899681559934
ER,High heterogeneity,0.5,0.5,32,1942372,0.5,0.19826334934549117,0.32941793612729586
ER,High heterogeneity,0.5,0.5,32,1942372,0.7,0.14767939216621748,0.3010004656602834
ER,High heterogeneity,0.5,0.5,32,1942372,0.9,0.1080136139086635,0.2825440496022425
ER,High heterogeneity,0.5,0.5,32,1942372,1.0,0.10359919940050606,0.2833945427246821
ER,High heterogeneity,0.5,0.5,33,1942373,0.0,0.5467616785670893,0.6273529948309531
ER,High heterogeneity,0.5,0.5,33,1942373,0.3,0.4034048498387863,0.4958174944107255
ER,High heterogeneity,0.5,0.5,33,1942373,0.5,0.2843012665494384,0.3894626171186944
ER,High heterogeneity,0.5,0.5,33,1942373,0.7,0.15564268561101222,0.27537895070456214
ER,High heterogeneity,0.5,0.5,33,1942373,0.9,0.10768252791682865,0.2251950904221066
ER,High heterogeneity,0.5,0.5,33,1942373,1.0,0.20108684759206058,0.2698479349428722
ER,High heterogeneity,0.5,0.5,34,1942374,0.0,0.5093469679913967,0.54704012879852
ER,High heterogeneity,0.5,0.5,34,1942374,0.3,0.3704613199908169,0.42446583225023704
ER,High heterogeneity,0.5,0.5,34,1942374,0.5,0.27265883357314713,0.3401585268126013
ER,High heterogeneity,0.5,0.5,34,1942374,0.7,0.13717496544322516,0.2285227775143589
ER,High heterogeneity,0.5,0.5,34,1942374,0.9,0.033405276352500714,0.14859185830017024
ER,High heterogeneity,0.5,0.5,34,1942374,1.0,0.029711698184496364,0.14666543873708746
ER,High heterogeneity,0.5,0.5,35,1942375,0.0,0.6008200274140074,0.7102311071756423
ER,High heterogeneity,0.5,0.5,35,1942375,0.3,0.4414940754309945,0.56649722093212
ER,High heterogeneity,0.5,0.5,35,1942375,0.5,0.2955048186710999,0.43383673592040095
ER,High heterogeneity,0.5,0.5,35,1942375,0.7,0.1521457982266382,0.31315378845766084
ER,High heterogeneity,0.5,0.5,35,1942375,0.9,0.045134628044005004,0.23653265190196804
ER,High heterogeneity,0.5,0.5,35,1942375,1.0,0.003460864699271904,0.2157050335563395
ER,High heterogeneity,0.5,0.5,36,1942376,0.0,0.32159184805003777,0.4721263940261246
ER,High heterogeneity,0.5,0.5,36,1942376,0.3,0.2207826922327136,0.39054493131778817
ER,High heterogeneity,0.5,0.5,36,1942376,0.5,0.14368800711033494,0.34723529736773084
ER,High heterogeneity,0.5,0.5,36,1942376,0.7,0.08830918143216063,0.33062470765066054
ER,High heterogeneity,0.5,0.5,36,1942376,0.9,0.3131216099081254,0.44096877937745016
ER,High heterogeneity,0.5,0.5,36,1942376,1.0,0.3013897827145466,0.4262591852416271
ER,High heterogeneity,0.5,0.5,37,1942377,0.0,0.27828119705933274,0.3583097900246163
ER,High heterogeneity,0.5,0.5,37,1942377,0.3,0.25004519845038586,0.33119763058455615
ER,High heterogeneity,0.5,0.5,37,1942377,0.5,0.23971955929640024,0.32141113128371207
ER,High heterogeneity,0.5,0.5,37,1942377,0.7,0.1536201819804812,0.24483072281431578
ER,High heterogeneity,0.5,0.5,37,1942377,0.9,0.1101074406366203,0.20865783069140317
ER,High heterogeneity,0.5,0.5,37,1942377,1.0,0.11307303654851847,0.2119605642325886
ER,High heterogeneity,0.5,0.5,38,1942378,0.0,0.033100315447430986,0.2091375787204543
ER,High heterogeneity,0.5,0.5,38,1942378,0.3,0.02838523524904197,0.19720478175821676
ER,High heterogeneity,0.5,0.5,38,1942378,0.5,0.023842179274583007,0.18946317658304085
ER,High heterogeneity,0.5,0.5,38,1942378,0.7,0.017368828091479778,0.17824409583763726
ER,High heterogeneity,0.5,0.5,38,1942378,0.9,0.010648521014796247,0.17166301425734729
ER,High heterogeneity,0.5,0.5,38,1942378,1.0,0.027125876685181002,0.18378287547323152
ER,High heterogeneity,0.5,0.5,39,1942379,0.0,0.2464866063828358,0.3249366030051804
ER,High heterogeneity,0.5,0.5,39,1942379,0.3,0.16999450518650264,0.25935499605916706
ER,High heterogeneity,0.5,0.5,39,1942379,0.5,0.12839954979966126,0.22449645025829773
ER,High heterogeneity,0.5,0.5,39,1942379,0.7,0.08075341187746361,0.1885668981384124
ER,High heterogeneity,0.5,0.5,39,1942379,0.9,0.06127634482955762,0.17430007277497628
ER,High heterogeneity,0.5,0.5,39,1942379,1.0,0.05760373840919663,0.1722480044277539
ER,High heterogeneity,0.5,0.5,40,1942380,0.0,0.430896965568245,0.5633352876018636
ER,High heterogeneity,0.5,0.5,40,1942380,0.3,0.28422645161423343,0.4211954040770617
ER,High heterogeneity,0.5,0.5,40,1942380,0.5,0.20934322932226143,0.35974726235454946
ER,High heterogeneity,0.5,0.5,40,1942380,0.7,0.11860384076520616,0.2937486578285679
ER,High heterogeneity,0.5,0.5,40,1942380,0.9,0.07460669235813713,0.26421268859948543
ER,High heterogeneity,0.5,0.5,40,1942380,1.0,0.07577116148135334,0.2661097059246277
ER,High heterogeneity,0.5,0.5,41,1942381,0.0,0.21438682635675002,0.31819281539481387
ER,High heterogeneity,0.5,0.5,41,1942381,0.3,0.16039244635641964,0.2682522141020207
ER,High heterogeneity,0.5,0.5,41,1942381,0.5,0.13314756542443837,0.2489146148738091
ER,High heterogeneity,0.5,0.5,41,1942381,0.7,0.06971361241079731,0.20048704952572277
ER,High heterogeneity,0.5,0.5,41,1942381,0.9,0.03306980912920647,0.1759399770146453
ER,High heterogeneity,0.5,0.5,41,1942381,1.0,0.035739141983119734,0.17871948020276449
ER,High heterogeneity,0.5,0.5,42,1942382,0.0,0.31680941450656547,0.3928575728020374
ER,High heterogeneity,0.5,0.5,42,1942382,0.3,0.28493463264142815,0.35883626000905366
ER,High heterogeneity,0.5,0.5,42,1942382,0.5,0.22943277751171307,0.2982675592012433
ER,High heterogeneity,0.5,0.5,42,1942382,0.7,0.15619566778958888,0.22772841718975
ER,High heterogeneity,0.5,0.5,42,1942382,0.9,0.11463355861934967,0.1908340194672492
ER,High heterogeneity,0.5,0.5,42,1942382,1.0,0.11383783852609053,0.19171182747480783
ER,High heterogeneity,0.5,0.5,43,1942383,0.0,0.2925079304984129,0.4394407454407451
ER,High heterogeneity,0.5,0.5,43,1942383,0.3,0.2493963316720166,0.3984426113158318
ER,High heterogeneity,0.5,0.5,43,1942383,0.5,0.18136500544814557,0.32718152564891084
ER,High heterogeneity,0.5,0.5,43,1942383,0.7,0.14973703721887838,0.2959620944940843
ER,High heterogeneity,0.5,0.5,43,1942383,0.9,0.11979813334764061,0.26644047753347055
ER,High heterogeneity,0.5,0.5,43,1942383,1.0,0.11331251686493253,0.25973454368431936
ER,High heterogeneity,0.5,0.5,44,1942384,0.0,0.4120537319365798,0.4782792768060351
ER,High heterogeneity,0.5,0.5,44,1942384,0.3,0.3538015862974697,0.426708310570418
ER,High heterogeneity,0.5,0.5,44,1942384,0.5,0.29925945028243145,0.3810034675458946
ER,High heterogeneity,0.5,0.5,44,1942384,0.7,0.24418218642149506,0.33394268190339105
ER,High heterogeneity,0.5,0.5,44,1942384,0.9,0.2182151546574689,0.3122638906835808
ER,High heterogeneity,0.5,0.5,44,1942384,1.0,0.20337949366165925,0.3022587296752682
ER,High heterogeneity,0.5,0.5,45,1942385,0.0,0.5023553568514414,0.5603758876871848
ER,High heterogeneity,0.5,0.5,45,1942385,0.3,0.44547945280504975,0.5011393497063082
ER,High heterogeneity,0.5,0.5,45,1942385,0.5,0.3989148131074637,0.4522266788918062
ER,High heterogeneity,0.5,0.5,45,1942385,0.7,0.14436816468512148,0.2253957173761901
ER,High heterogeneity,0.5,0.5,45,1942385,0.9,0.13695788866739927,0.22014589652495287
ER,High heterogeneity,0.5,0.5,45,1942385,1.0,0.13978309853727064,0.22331437684345706
ER,High heterogeneity,0.5,0.5,46,1942386,0.0,0.49521465872079723,0.5402805201736403
ER,High heterogeneity,0.5,0.5,46,1942386,0.3,0.45632294934810147,0.5008773892235765
ER,High heterogeneity,0.5,0.5,46,1942386,0.5,0.4168767268536049,0.4624862354711589
ER,High heterogeneity,0.5,0.5,46,1942386,0.7,0.3010466196668725,0.35452306228682046
ER,High heterogeneity,0.5,0.5,46,1942386,0.9,0.218578819297043,0.2806113163217458
ER,High heterogeneity,0.5,0.5,46,1942386,1.0,0.19990786834390448,0.26496750161808924
ER,High heterogeneity,0.5,0.5,47,1942387,0.0,0.3436304755961993,0.4236977575108356
ER,High heterogeneity,0.5,0.5,47,1942387,0.3,0.2975880576490015,0.3785371726426224
ER,High heterogeneity,0.5,0.5,47,1942387,0.5,0.2475629335944433,0.33720110305039036
ER,High heterogeneity,0.5,0.5,47,1942387,0.7,0.14338530901234894,0.25817441355618265
ER,High heterogeneity,0.5,0.5,47,1942387,0.9,0.13534058404673022,0.25161278470635623
ER,High heterogeneity,0.5,0.5,47,1942387,1.0,0.1439208512840134,0.2587823897687781
ER,High heterogeneity,0.5,0.5,48,1942388,0.0,0.38257841790430447,0.48306834118213055
ER,High heterogeneity,0.5,0.5,48,1942388,0.3,0.3275228066921348,0.4302415542498952
ER,High heterogeneity,0.5,0.5,48,1942388,0.5,0.28667230812337474,0.39231398812071816
ER,High heterogeneity,0.5,0.5,48,1942388,0.7,0.26267935137742454,0.37299406567296
ER,High heterogeneity,0.5,0.5,48,1942388,0.9,0.2170086454335897,0.3479459223761066
ER,High heterogeneity,0.5,0.5,48,1942388,1.0,0.20857861236788408,0.3397490731618892
ER,High heterogeneity,0.5,0.5,49,1942389,0.0,0.5651908617864781,0.6120306262980851
ER,High heterogeneity,0.5,0.5,49,1942389,0.3,0.457834558812081,0.515735010044889
ER,High heterogeneity,0.5,0.5,49,1942389,0.5,0.31075803508255295,0.40231089478423165
ER,High heterogeneity,0.5,0.5,49,1942389,0.7,0.1559798636997856,0.2833876342667725
ER,High heterogeneity,0.5,0.5,49,1942389,0.9,0.1070576528301002,0.24594181061741419
ER,High heterogeneity,0.5,0.5,49,1942389,1.0,0.10768425689306085,0.24706146489549163
